Sample_ID,Dataset,Predicted_Age_Weeks,Tissue
M00018359_41wk_Cortex,GSE93957,27.250002456326044,Cortex
M00018359_41wk_Heart,GSE93957,22.595643648501294,Heart
M00018359_41wk_Liver,GSE93957,23.396820722105865,Liver
M00018359_41wk_Lung,GSE93957,22.22266442524862,Lung
M00018362_41wk_Cortex,GSE93957,25.886794252836747,Cortex
M00018362_41wk_Heart,GSE93957,18.33003456855049,Heart
M00018362_41wk_Liver,GSE93957,28.09908256318012,Liver
M00018362_41wk_Lung,GSE93957,16.35920978897717,Lung
M00018363_41wk_Cortex,GSE93957,29.649233761835703,Cortex
M00018363_41wk_Heart,GSE93957,18.816103474752392,Heart
M00018363_41wk_Liver,GSE93957,23.769803649826464,Liver
M00018363_41wk_Lung,GSE93957,16.260234178894688,Lung
M00018381_41wk_Cortex,GSE93957,25.061085115750007,Cortex
M00018381_41wk_Heart,GSE93957,13.110327892048916,Heart
M00018381_41wk_Liver,GSE93957,29.69861162541997,Liver
M00018381_41wk_Lung,GSE93957,13.279100602037868,Lung
M00018724_27wk_Cortex,GSE93957,18.692723919248586,Cortex
M00018724_27wk_Heart,GSE93957,16.8956602083073,Heart
M00018724_27wk_Liver,GSE93957,21.601185882588663,Liver
M00018724_27wk_Lung,GSE93957,14.150196946019935,Lung
M00018752_27wk_Cortex,GSE93957,22.00783624335078,Cortex
M00018752_27wk_Heart,GSE93957,17.3256306910866,Heart
M00018752_27wk_Liver,GSE93957,24.496776588732573,Liver
M00018752_27wk_Lung,GSE93957,15.083610342988976,Lung
M00018754_27wk_Cortex,GSE93957,23.25696768753101,Cortex
M00018754_27wk_Heart,GSE93957,16.388323513802593,Heart
M00018754_27wk_Liver,GSE93957,18.20871306666333,Liver
M00018754_27wk_Lung,GSE93957,14.26843794981935,Lung
M0112371_27wk_Cortex,GSE93957,17.174384557311825,Cortex
M0112371_27wk_Heart,GSE93957,14.02262567731751,Heart
M0112371_27wk_Liver,GSE93957,17.469923226627486,Liver
M0112371_27wk_Lung,GSE93957,15.548833622120029,Lung
M01NB_1wk_Cortex,GSE93957,0.1380680177010904,Cortex
M01NB_1wk_Heart,GSE93957,0.3980340274304055,Heart
M01NB_1wk_Liver,GSE93957,0.307134792027643,Liver
M01NB_1wk_Lung,GSE93957,0.4369433305859376,Lung
M02NB_1wk_Cortex,GSE93957,1.0251997590595563,Cortex
M02NB_1wk_Liver,GSE93957,1.5967813883346311,Liver
M02NB_1wk_Lung,GSE93957,1.2208067130841114,Lung
M03NB_1wk_Cortex,GSE93957,0.3346031094232176,Cortex
M03NB_1wk_Heart,GSE93957,0.7236591401232335,Heart
M03NB_1wk_Lung,GSE93957,0.710297708567329,Lung
M0420525_14wk_Cortex,GSE93957,12.19237426232641,Cortex
M0420525_14wk_Heart,GSE93957,8.93792474996418,Heart
M0420525_14wk_Liver,GSE93957,11.017554940623098,Liver
M0420525_14wk_Lung,GSE93957,9.559496336092058,Lung
M0420527_14wk_Cortex,GSE93957,14.62428789523311,Cortex
M0420527_14wk_Heart,GSE93957,9.797395677958656,Heart
M0420527_14wk_Liver,GSE93957,8.934254480184475,Liver
M0420527_14wk_Lung,GSE93957,8.921244801954886,Lung
M04NB_1wk_Cortex,GSE93957,0.1643325413153085,Cortex
M04NB_1wk_Heart,GSE93957,0.5467440542972715,Heart
M04NB_1wk_Liver,GSE93957,0.3603599613565578,Liver
M04NB_1wk_Lung,GSE93957,1.1192678894219164,Lung
M0512375_27wk_Cortex,GSE93957,20.65002278596289,Cortex
M0512375_27wk_Heart,GSE93957,12.60948152161399,Heart
M0512375_27wk_Liver,GSE93957,13.566962599825718,Liver
M0512375_27wk_Lung,GSE93957,16.645306818011697,Lung
M0520522_14wk_Cortex,GSE93957,13.575262202137534,Cortex
M0520522_14wk_Heart,GSE93957,10.596955148213311,Heart
M0520522_14wk_Liver,GSE93957,15.557975185480949,Liver
M0520522_14wk_Lung,GSE93957,7.9055892344542595,Lung
GSM3394172_Mouse_Adipose_SH001.CGfinal,GSE120132,8.863815715603765,Adipose
GSM3394173_Mouse_Adipose_SH002.CGfinal,GSE120132,8.915767309963012,Adipose
GSM3394174_Mouse_Adipose_SH003.CGfinal,GSE120132,8.123204402717215,Adipose
GSM3394175_Mouse_Adipose_SH004.CGfinal,GSE120132,9.408181708846897,Adipose
GSM3394176_Mouse_Adipose_SH005.CGfinal,GSE120132,8.06421180775047,Adipose
GSM3394177_Mouse_Adipose_SH006.CGfinal,GSE120132,8.930885587721583,Adipose
GSM3394178_Mouse_Adipose_SH007.CGfinal,GSE120132,9.117037330292629,Adipose
GSM3394179_Mouse_Adipose_SH008.CGfinal,GSE120132,9.457777199649978,Adipose
GSM3394180_Mouse_Adipose_SH009.CGfinal,GSE120132,8.286393309053858,Adipose
GSM3394181_Mouse_Adipose_SH010.CGfinal,GSE120132,8.216252746088712,Adipose
GSM3394182_Mouse_Adipose_SH011.CGfinal,GSE120132,8.852446135687373,Adipose
GSM3394183_Mouse_Adipose_SH012.CGfinal,GSE120132,8.055555382980746,Adipose
GSM3394184_Mouse_Adipose_SH013.CGfinal,GSE120132,8.80656407093353,Adipose
GSM3394185_Mouse_Adipose_SH014.CGfinal,GSE120132,8.003409217759112,Adipose
GSM3394186_Mouse_Adipose_SH015.CGfinal,GSE120132,8.75951574504759,Adipose
GSM3394187_Mouse_Adipose_SH016.CGfinal,GSE120132,10.877287826687786,Adipose
GSM3394188_Mouse_Adipose_SH017.CGfinal,GSE120132,8.55228366948001,Adipose
GSM3394189_Mouse_Adipose_SH018.CGfinal,GSE120132,9.559033958942177,Adipose
GSM3394190_Mouse_Adipose_SH019.CGfinal,GSE120132,6.94313224598894,Adipose
GSM3394191_Mouse_Adipose_SH020.CGfinal,GSE120132,8.108756399071952,Adipose
GSM3394192_Mouse_Adipose_SH021.CGfinal,GSE120132,8.217213107069709,Adipose
GSM3394193_Mouse_Adipose_SH022.CGfinal,GSE120132,9.041441159390144,Adipose
GSM3394194_Mouse_Adipose_SH023.CGfinal,GSE120132,7.595731275907925,Adipose
GSM3394195_Mouse_Adipose_SH024.CGfinal,GSE120132,8.068681453380695,Adipose
GSM3394196_Mouse_Adipose_SH025.CGfinal,GSE120132,7.634839077478057,Adipose
GSM3394197_Mouse_Adipose_SH026.CGfinal,GSE120132,7.355096310278963,Adipose
GSM3394198_Mouse_Adipose_SH027.CGfinal,GSE120132,7.8550381722315965,Adipose
GSM3394199_Mouse_Adipose_SH028.CGfinal,GSE120132,5.842417595213119,Adipose
GSM3394200_Mouse_Adipose_SH029.CGfinal,GSE120132,6.858391554403792,Adipose
GSM3394201_Mouse_Adipose_SH030.CGfinal,GSE120132,6.538860723550652,Adipose
GSM3394202_Mouse_Adipose_SH031.CGfinal,GSE120132,6.826263379893913,Adipose
GSM3394203_Mouse_Adipose_SH032.CGfinal,GSE120132,8.77287723636104,Adipose
GSM3394204_Mouse_Adipose_SH033.CGfinal,GSE120132,9.497878010060164,Adipose
GSM3394205_Mouse_Adipose_SH034.CGfinal,GSE120132,10.08859571790894,Adipose
GSM3394206_Mouse_Adipose_SH035.CGfinal,GSE120132,7.75070425743975,Adipose
GSM3394207_Mouse_Adipose_SH036.CGfinal,GSE120132,6.248414715147211,Adipose
GSM3394208_Mouse_Adipose_SH037.CGfinal,GSE120132,7.33256607229481,Adipose
GSM3394209_Mouse_Adipose_SH038.CGfinal,GSE120132,7.754144758226559,Adipose
GSM3394210_Mouse_Adipose_SH039.CGfinal,GSE120132,6.991737515668556,Adipose
GSM3394211_Mouse_Adipose_SH040.CGfinal,GSE120132,7.749090625725184,Adipose
GSM3394212_Mouse_Adipose_SH041.CGfinal,GSE120132,6.49949385262572,Adipose
GSM3394213_Mouse_Adipose_SH042.CGfinal,GSE120132,5.9363867742033065,Adipose
GSM3394214_Mouse_Adipose_SH043.CGfinal,GSE120132,5.317758693890054,Adipose
GSM3394215_Mouse_Adipose_SH044.CGfinal,GSE120132,5.626601452624991,Adipose
GSM3394216_Mouse_Adipose_SH045.CGfinal,GSE120132,7.671952513989899,Adipose
GSM3394217_Mouse_Adipose_SH046.CGfinal,GSE120132,6.938604480163578,Adipose
GSM3394218_Mouse_Adipose_SH047.CGfinal,GSE120132,7.084224250051708,Adipose
GSM3394219_Mouse_Adipose_SH048.CGfinal,GSE120132,6.796100379416874,Adipose
GSM3394220_Mouse_Adipose_SH049.CGfinal,GSE120132,5.926818771164104,Adipose
GSM3394221_Mouse_Adipose_SH050.CGfinal,GSE120132,7.752994735354111,Adipose
GSM3394222_Mouse_Adipose_SH051.CGfinal,GSE120132,8.188495388662709,Adipose
GSM3394223_Mouse_Adipose_SH052.CGfinal,GSE120132,6.835333068716968,Adipose
GSM3394224_Mouse_Adipose_SH053.CGfinal,GSE120132,8.336991163733073,Adipose
GSM3394225_Mouse_Adipose_SH054.CGfinal,GSE120132,7.817873734954212,Adipose
GSM3394226_Mouse_Adipose_SH055.CGfinal,GSE120132,6.980842594166354,Adipose
GSM3394227_Mouse_Adipose_SH056.CGfinal,GSE120132,8.713584405881157,Adipose
GSM3394228_Mouse_Blood_SH001.CGfinal,GSE120132,13.951278387266822,Blood
GSM3394229_Mouse_Blood_SH005.CGfinal,GSE120132,14.556767466197549,Blood
GSM3394230_Mouse_Blood_SH006.CGfinal,GSE120132,15.431310206199257,Blood
GSM3394231_Mouse_Blood_SH007.CGfinal,GSE120132,16.201428155617613,Blood
GSM3394232_Mouse_Blood_SH008.CGfinal,GSE120132,15.187968915281571,Blood
GSM3394233_Mouse_Blood_SH009.CGfinal,GSE120132,16.63115099432943,Blood
GSM3394234_Mouse_Blood_SH010.CGfinal,GSE120132,14.365280682111276,Blood
GSM3394235_Mouse_Blood_SH011.CGfinal,GSE120132,13.643833746747344,Blood
GSM3394236_Mouse_Blood_SH012.CGfinal,GSE120132,17.522944405438274,Blood
GSM3394237_Mouse_Blood_SH013.CGfinal,GSE120132,13.394938291766614,Blood
GSM3394238_Mouse_Blood_SH014.CGfinal,GSE120132,19.154110237025773,Blood
GSM3394239_Mouse_Blood_SH015.CGfinal,GSE120132,17.158182165674454,Blood
GSM3394240_Mouse_Blood_SH016.CGfinal,GSE120132,16.398701949877697,Blood
GSM3394241_Mouse_Blood_SH017.CGfinal,GSE120132,15.630977343432535,Blood
GSM3394242_Mouse_Blood_SH018.CGfinal,GSE120132,16.473381368293406,Blood
GSM3394243_Mouse_Blood_SH019.CGfinal,GSE120132,15.51159582804971,Blood
GSM3394244_Mouse_Blood_SH020.CGfinal,GSE120132,17.430942056011357,Blood
GSM3394245_Mouse_Blood_SH030.CGfinal,GSE120132,14.43201629529803,Blood
GSM3394246_Mouse_Blood_SH033.CGfinal,GSE120132,17.027568150864465,Blood
GSM3394247_Mouse_Blood_SH034.CGfinal,GSE120132,14.765205091621691,Blood
GSM3394248_Mouse_Blood_SH035.CGfinal,GSE120132,15.019990097821983,Blood
GSM3394249_Mouse_Blood_SH036.CGfinal,GSE120132,15.851805900433266,Blood
GSM3394250_Mouse_Blood_SH037.CGfinal,GSE120132,14.414248363512725,Blood
GSM3394251_Mouse_Blood_SH038.CGfinal,GSE120132,16.7236497773546,Blood
GSM3394252_Mouse_Blood_SH039.CGfinal,GSE120132,16.902246060377514,Blood
GSM3394253_Mouse_Blood_SH040.CGfinal,GSE120132,17.91030927628624,Blood
GSM3394254_Mouse_Blood_SH041.CGfinal,GSE120132,14.19891879833828,Blood
GSM3394255_Mouse_Blood_SH045.CGfinal,GSE120132,13.7423006920945,Blood
GSM3394256_Mouse_Blood_SH056.CGfinal,GSE120132,13.187049887126973,Blood
GSM3394257_Mouse_Blood_SH057.CGfinal,GSE120132,15.690507294502329,Blood
GSM3394258_Mouse_Blood_SH058.CGfinal,GSE120132,12.883647341123796,Blood
GSM3394259_Mouse_Blood_SH059.CGfinal,GSE120132,11.861016981228632,Blood
GSM3394260_Mouse_Blood_SH061.CGfinal,GSE120132,14.332352354057562,Blood
GSM3394261_Mouse_Blood_SH062.CGfinal,GSE120132,14.225326643052494,Blood
GSM3394262_Mouse_Blood_SH063.CGfinal,GSE120132,16.86989560785257,Blood
GSM3394263_Mouse_Blood_SH064.CGfinal,GSE120132,14.684518782924318,Blood
GSM3394264_Mouse_Blood_SH065.CGfinal,GSE120132,13.969004487052342,Blood
GSM3394265_Mouse_Blood_SH066.CGfinal,GSE120132,13.40951467341426,Blood
GSM3394266_Mouse_Blood_SH067.CGfinal,GSE120132,13.666197123761048,Blood
GSM3394267_Mouse_Blood_SH068.CGfinal,GSE120132,15.509630767717644,Blood
GSM3394268_Mouse_Blood_SH069.CGfinal,GSE120132,16.3301011557691,Blood
GSM3394269_Mouse_Blood_SH070.CGfinal,GSE120132,14.729075508747862,Blood
GSM3394270_Mouse_Blood_SH071.CGfinal,GSE120132,18.48684695540846,Blood
GSM3394271_Mouse_Blood_SH072.CGfinal,GSE120132,14.459309383714018,Blood
GSM3394272_Mouse_Blood_SH073.CGfinal,GSE120132,15.302174377887685,Blood
GSM3394273_Mouse_Blood_SH074.CGfinal,GSE120132,13.068952095877291,Blood
GSM3394274_Mouse_Blood_SH075.CGfinal,GSE120132,14.264697623524082,Blood
GSM3394275_Mouse_Blood_SH076.CGfinal,GSE120132,14.495843446189532,Blood
GSM3394276_Mouse_Blood_SH077.CGfinal,GSE120132,15.962294472774357,Blood
GSM3394277_Mouse_Blood_SH078.CGfinal,GSE120132,15.90296176972463,Blood
GSM3394278_Mouse_Blood_SH079.CGfinal,GSE120132,14.422491813953318,Blood
GSM3394279_Mouse_Blood_SH080.CGfinal,GSE120132,13.62925349073603,Blood
GSM3394280_Mouse_Blood_SH081.CGfinal,GSE120132,13.44831577130309,Blood
GSM3394281_Mouse_Blood_SH082.CGfinal,GSE120132,12.416440330624942,Blood
GSM3394282_Mouse_Blood_SH083.CGfinal,GSE120132,13.03245969058376,Blood
GSM3394283_Mouse_Blood_SH084.CGfinal,GSE120132,13.567489435067802,Blood
GSM3394284_Mouse_Blood_SH085.CGfinal,GSE120132,11.76685909502072,Blood
GSM3394285_Mouse_Blood_SH086.CGfinal,GSE120132,13.109022514187842,Blood
GSM3394286_Mouse_Blood_SH087.CGfinal,GSE120132,14.288879402681417,Blood
GSM3394287_Mouse_Blood_SH088.CGfinal,GSE120132,11.479336412121718,Blood
GSM3394288_Mouse_Blood_SH089.CGfinal,GSE120132,13.76001614222584,Blood
GSM3394289_Mouse_Blood_SH090.CGfinal,GSE120132,13.236129381856893,Blood
GSM3394290_Mouse_Blood_SH091.CGfinal,GSE120132,10.63934042286451,Blood
GSM3394291_Mouse_Blood_SH092.CGfinal,GSE120132,12.886270479693286,Blood
GSM3394292_Mouse_Blood_SH093.CGfinal,GSE120132,12.305713973925204,Blood
GSM3394293_Mouse_Blood_SH094.CGfinal,GSE120132,11.131389980212438,Blood
GSM3394294_Mouse_Blood_SH095.CGfinal,GSE120132,12.392969303152022,Blood
GSM3394295_Mouse_Blood_SH096.CGfinal,GSE120132,11.20232974903439,Blood
GSM3394296_Mouse_Blood_SH097.CGfinal,GSE120132,10.256825652153326,Blood
GSM3394297_Mouse_Blood_SH098.CGfinal,GSE120132,11.359929382844069,Blood
GSM3394298_Mouse_Blood_SH099.CGfinal,GSE120132,12.48160620436701,Blood
GSM3394299_Mouse_Blood_SH100.CGfinal,GSE120132,11.472207928992958,Blood
GSM3394300_Mouse_Kidney_SH001.CGfinal,GSE120132,9.205016343107296,Kidney
GSM3394301_Mouse_Kidney_SH002.CGfinal,GSE120132,8.854962202290185,Kidney
GSM3394302_Mouse_Kidney_SH003.CGfinal,GSE120132,9.523630377870946,Kidney
GSM3394303_Mouse_Kidney_SH004.CGfinal,GSE120132,10.251563139506304,Kidney
GSM3394304_Mouse_Kidney_SH005.CGfinal,GSE120132,10.10397072286283,Kidney
GSM3394305_Mouse_Kidney_SH006.CGfinal,GSE120132,11.16519668255718,Kidney
GSM3394306_Mouse_Kidney_SH007.CGfinal,GSE120132,9.973313861232011,Kidney
GSM3394307_Mouse_Kidney_SH008.CGfinal,GSE120132,9.683349270377782,Kidney
GSM3394308_Mouse_Kidney_SH009.CGfinal,GSE120132,9.214606730287626,Kidney
GSM3394309_Mouse_Kidney_SH010.CGfinal,GSE120132,9.321779688688435,Kidney
GSM3394310_Mouse_Kidney_SH011.CGfinal,GSE120132,7.84463935487816,Kidney
GSM3394311_Mouse_Kidney_SH012.CGfinal,GSE120132,14.136078697343256,Kidney
GSM3394312_Mouse_Kidney_SH013.CGfinal,GSE120132,8.72348278488851,Kidney
GSM3394313_Mouse_Kidney_SH014.CGfinal,GSE120132,6.561721607485252,Kidney
GSM3394314_Mouse_Kidney_SH015.CGfinal,GSE120132,9.810493328304029,Kidney
GSM3394315_Mouse_Kidney_SH016.CGfinal,GSE120132,11.064430133573826,Kidney
GSM3394316_Mouse_Kidney_SH017.CGfinal,GSE120132,9.659753429260626,Kidney
GSM3394317_Mouse_Kidney_SH018.CGfinal,GSE120132,10.26067266581211,Kidney
GSM3394318_Mouse_Kidney_SH019.CGfinal,GSE120132,9.521704091705883,Kidney
GSM3394319_Mouse_Kidney_SH020.CGfinal,GSE120132,9.792366371887676,Kidney
GSM3394320_Mouse_Kidney_SH021.CGfinal,GSE120132,8.88627338827852,Kidney
GSM3394321_Mouse_Kidney_SH022.CGfinal,GSE120132,8.316090791617201,Kidney
GSM3394322_Mouse_Kidney_SH023.CGfinal,GSE120132,8.587723326416306,Kidney
GSM3394323_Mouse_Kidney_SH024.CGfinal,GSE120132,10.275491740253775,Kidney
GSM3394324_Mouse_Kidney_SH025.CGfinal,GSE120132,7.516702881865276,Kidney
GSM3394325_Mouse_Kidney_SH026.CGfinal,GSE120132,7.945942197395215,Kidney
GSM3394326_Mouse_Kidney_SH027.CGfinal,GSE120132,9.804033703003109,Kidney
GSM3394327_Mouse_Kidney_SH029.CGfinal,GSE120132,10.973114054439032,Kidney
GSM3394328_Mouse_Kidney_SH030.CGfinal,GSE120132,8.928517937042102,Kidney
GSM3394329_Mouse_Kidney_SH031.CGfinal,GSE120132,7.530887529865685,Kidney
GSM3394330_Mouse_Kidney_SH032.CGfinal,GSE120132,9.590108244116877,Kidney
GSM3394331_Mouse_Kidney_SH033.CGfinal,GSE120132,6.503558704442506,Kidney
GSM3394332_Mouse_Kidney_SH034.CGfinal,GSE120132,8.31624041314909,Kidney
GSM3394333_Mouse_Kidney_SH035.CGfinal,GSE120132,9.959010071479913,Kidney
GSM3394334_Mouse_Kidney_SH036.CGfinal,GSE120132,10.29674913684723,Kidney
GSM3394335_Mouse_Kidney_SH037.CGfinal,GSE120132,10.811204978903742,Kidney
GSM3394336_Mouse_Kidney_SH038.CGfinal,GSE120132,9.625101348214129,Kidney
GSM3394337_Mouse_Kidney_SH039.CGfinal,GSE120132,8.772439280178176,Kidney
GSM3394338_Mouse_Kidney_SH040.CGfinal,GSE120132,8.285211726576614,Kidney
GSM3394339_Mouse_Kidney_SH041.CGfinal,GSE120132,6.969127101758076,Kidney
GSM3394340_Mouse_Kidney_SH042.CGfinal,GSE120132,7.519783722225656,Kidney
GSM3394341_Mouse_Kidney_SH043.CGfinal,GSE120132,7.7898623132569345,Kidney
GSM3394342_Mouse_Kidney_SH044.CGfinal,GSE120132,6.394766671644076,Kidney
GSM3394343_Mouse_Kidney_SH045.CGfinal,GSE120132,6.231212351008786,Kidney
GSM3394344_Mouse_Kidney_SH046.CGfinal,GSE120132,8.55683811646333,Kidney
GSM3394345_Mouse_Kidney_SH047.CGfinal,GSE120132,7.861965591102713,Kidney
GSM3394346_Mouse_Kidney_SH048.CGfinal,GSE120132,5.517222394351343,Kidney
GSM3394347_Mouse_Kidney_SH049.CGfinal,GSE120132,5.930876441342967,Kidney
GSM3394348_Mouse_Kidney_SH050.CGfinal,GSE120132,8.929331966455337,Kidney
GSM3394349_Mouse_Kidney_SH051.CGfinal,GSE120132,10.07323253295648,Kidney
GSM3394350_Mouse_Kidney_SH053.CGfinal,GSE120132,8.77446232619884,Kidney
GSM3394351_Mouse_Kidney_SH054.CGfinal,GSE120132,7.759936279694411,Kidney
GSM3394352_Mouse_Kidney_SH055.CGfinal,GSE120132,6.641913238351803,Kidney
GSM3394353_Mouse_Kidney_SH056.CGfinal,GSE120132,9.213742395373345,Kidney
GSM3394354_Mouse_Liver_SH001.CGfinal,GSE120132,12.024199183519768,Liver
GSM3394355_Mouse_Liver_SH002.CGfinal,GSE120132,14.70558364592895,Liver
GSM3394356_Mouse_Liver_SH003.CGfinal,GSE120132,13.468183141077445,Liver
GSM3394357_Mouse_Liver_SH004.CGfinal,GSE120132,14.51184894739736,Liver
GSM3394358_Mouse_Liver_SH005.CGfinal,GSE120132,14.603743500781682,Liver
GSM3394359_Mouse_Liver_SH006.CGfinal,GSE120132,15.638130114858342,Liver
GSM3394360_Mouse_Liver_SH007.CGfinal,GSE120132,13.322393335678242,Liver
GSM3394361_Mouse_Liver_SH008.CGfinal,GSE120132,15.95907520170871,Liver
GSM3394362_Mouse_Liver_SH009.CGfinal,GSE120132,13.284985100286114,Liver
GSM3394363_Mouse_Liver_SH010.CGfinal,GSE120132,14.36546064101707,Liver
GSM3394364_Mouse_Liver_SH011.CGfinal,GSE120132,17.709879064165282,Liver
GSM3394365_Mouse_Liver_SH012.CGfinal,GSE120132,17.699342427299907,Liver
GSM3394366_Mouse_Liver_SH013.CGfinal,GSE120132,13.957494973794295,Liver
GSM3394367_Mouse_Liver_SH014.CGfinal,GSE120132,14.751034963938704,Liver
GSM3394368_Mouse_Liver_SH015.CGfinal,GSE120132,15.217441374589004,Liver
GSM3394369_Mouse_Liver_SH016.CGfinal,GSE120132,16.394090281320235,Liver
GSM3394370_Mouse_Liver_SH017.CGfinal,GSE120132,16.70199524524531,Liver
GSM3394371_Mouse_Liver_SH018.CGfinal,GSE120132,17.558037395456687,Liver
GSM3394372_Mouse_Liver_SH019.CGfinal,GSE120132,14.4086511039573,Liver
GSM3394373_Mouse_Liver_SH020.CGfinal,GSE120132,14.70413756794774,Liver
GSM3394374_Mouse_Liver_SH021.CGfinal,GSE120132,13.099436911730184,Liver
GSM3394375_Mouse_Liver_SH022.CGfinal,GSE120132,11.519148639624536,Liver
GSM3394376_Mouse_Liver_SH023.CGfinal,GSE120132,14.310929444223014,Liver
GSM3394377_Mouse_Liver_SH024.CGfinal,GSE120132,15.48211113648771,Liver
GSM3394378_Mouse_Liver_SH025.CGfinal,GSE120132,14.724467445134264,Liver
GSM3394379_Mouse_Liver_SH026.CGfinal,GSE120132,12.767957100972692,Liver
GSM3394380_Mouse_Liver_SH027.CGfinal,GSE120132,13.123061724307863,Liver
GSM3394381_Mouse_Liver_SH028.CGfinal,GSE120132,12.376080459930089,Liver
GSM3394382_Mouse_Liver_SH029.CGfinal,GSE120132,15.49537291545493,Liver
GSM3394383_Mouse_Liver_SH030.CGfinal,GSE120132,12.62800681924996,Liver
GSM3394384_Mouse_Liver_SH031.CGfinal,GSE120132,14.870161167318692,Liver
GSM3394385_Mouse_Liver_SH032.CGfinal,GSE120132,15.581353454733282,Liver
GSM3394386_Mouse_Liver_SH033.CGfinal,GSE120132,12.420018848778684,Liver
GSM3394387_Mouse_Liver_SH034.CGfinal,GSE120132,14.28613647558798,Liver
GSM3394388_Mouse_Liver_SH035.CGfinal,GSE120132,12.9255466924345,Liver
GSM3394389_Mouse_Liver_SH036.CGfinal,GSE120132,13.742637405403864,Liver
GSM3394390_Mouse_Liver_SH037.CGfinal,GSE120132,14.249748298964736,Liver
GSM3394391_Mouse_Liver_SH038.CGfinal,GSE120132,13.319474926408162,Liver
GSM3394392_Mouse_Liver_SH039.CGfinal,GSE120132,15.118309217497806,Liver
GSM3394393_Mouse_Liver_SH040.CGfinal,GSE120132,14.171306581970883,Liver
GSM3394394_Mouse_Liver_SH041.CGfinal,GSE120132,9.378926818609523,Liver
GSM3394395_Mouse_Liver_SH042.CGfinal,GSE120132,7.369627922346197,Liver
GSM3394396_Mouse_Liver_SH043.CGfinal,GSE120132,7.753592055627593,Liver
GSM3394397_Mouse_Liver_SH044.CGfinal,GSE120132,9.461906068590825,Liver
GSM3394398_Mouse_Liver_SH045.CGfinal,GSE120132,7.674097440960219,Liver
GSM3394399_Mouse_Liver_SH046.CGfinal,GSE120132,9.190227280927232,Liver
GSM3394400_Mouse_Liver_SH047.CGfinal,GSE120132,6.899169117395081,Liver
GSM3394401_Mouse_Liver_SH048.CGfinal,GSE120132,9.342233339284771,Liver
GSM3394402_Mouse_Liver_SH049.CGfinal,GSE120132,9.407431286371734,Liver
GSM3394403_Mouse_Liver_SH050.CGfinal,GSE120132,8.770091339840357,Liver
GSM3394404_Mouse_Liver_SH051.CGfinal,GSE120132,9.25487099008699,Liver
GSM3394405_Mouse_Liver_SH052.CGfinal,GSE120132,10.51181769915072,Liver
GSM3394406_Mouse_Liver_SH053.CGfinal,GSE120132,9.04315125089261,Liver
GSM3394407_Mouse_Liver_SH054.CGfinal,GSE120132,9.380920318645195,Liver
GSM3394408_Mouse_Liver_SH055.CGfinal,GSE120132,11.359244465295776,Liver
GSM3394409_Mouse_Liver_SH056.CGfinal,GSE120132,9.495612610024551,Liver
GSM3394410_Mouse_Liver_SH057.CGfinal,GSE120132,10.997360522675862,Liver
GSM3394411_Mouse_Liver_SH058.CGfinal,GSE120132,10.527600849894144,Liver
GSM3394412_Mouse_Liver_SH059.CGfinal,GSE120132,9.873513692172097,Liver
GSM3394413_Mouse_Liver_SH060.CGfinal,GSE120132,10.348159036344464,Liver
GSM3394414_Mouse_Lung_SH001.CGfinal,GSE120132,10.5941704415607,Lung
GSM3394415_Mouse_Lung_SH002.CGfinal,GSE120132,9.782629409481064,Lung
GSM3394416_Mouse_Lung_SH003.CGfinal,GSE120132,9.809539957552158,Lung
GSM3394417_Mouse_Lung_SH004.CGfinal,GSE120132,7.401600202297764,Lung
GSM3394418_Mouse_Lung_SH005.CGfinal,GSE120132,9.203935792830064,Lung
GSM3394419_Mouse_Lung_SH006.CGfinal,GSE120132,7.9191823018459235,Lung
GSM3394420_Mouse_Lung_SH007.CGfinal,GSE120132,9.658199410586564,Lung
GSM3394421_Mouse_Lung_SH008.CGfinal,GSE120132,8.346628097862766,Lung
GSM3394422_Mouse_Lung_SH009.CGfinal,GSE120132,10.463435139491018,Lung
GSM3394423_Mouse_Lung_SH010.CGfinal,GSE120132,11.249970682045625,Lung
GSM3394424_Mouse_Lung_SH011.CGfinal,GSE120132,8.063071691521792,Lung
GSM3394425_Mouse_Lung_SH012.CGfinal,GSE120132,13.48156740434102,Lung
GSM3394426_Mouse_Lung_SH013.CGfinal,GSE120132,8.375289416876079,Lung
GSM3394427_Mouse_Lung_SH014.CGfinal,GSE120132,13.50765343069628,Lung
GSM3394428_Mouse_Lung_SH015.CGfinal,GSE120132,9.995702019892985,Lung
GSM3394429_Mouse_Lung_SH016.CGfinal,GSE120132,10.690239726043696,Lung
GSM3394430_Mouse_Lung_SH017.CGfinal,GSE120132,8.447066491447035,Lung
GSM3394431_Mouse_Lung_SH018.CGfinal,GSE120132,8.22152085310617,Lung
GSM3394432_Mouse_Lung_SH019.CGfinal,GSE120132,10.395861623372696,Lung
GSM3394433_Mouse_Lung_SH020.CGfinal,GSE120132,9.4955817376464,Lung
GSM3394434_Mouse_Lung_SH021.CGfinal,GSE120132,9.89169869868194,Lung
GSM3394435_Mouse_Lung_SH022.CGfinal,GSE120132,7.754394410229665,Lung
GSM3394436_Mouse_Lung_SH023.CGfinal,GSE120132,8.172416242175638,Lung
GSM3394437_Mouse_Lung_SH024.CGfinal,GSE120132,9.116436590298266,Lung
GSM3394438_Mouse_Lung_SH025.CGfinal,GSE120132,7.092172969627683,Lung
GSM3394439_Mouse_Lung_SH026.CGfinal,GSE120132,6.549219666585431,Lung
GSM3394440_Mouse_Lung_SH027.CGfinal,GSE120132,9.02439904491529,Lung
GSM3394441_Mouse_Lung_SH028.CGfinal,GSE120132,7.421662297679571,Lung
GSM3394442_Mouse_Lung_SH029.CGfinal,GSE120132,7.3444424583362355,Lung
GSM3394443_Mouse_Lung_SH030.CGfinal,GSE120132,10.126706581976316,Lung
GSM3394444_Mouse_Lung_SH031.CGfinal,GSE120132,8.299875874314566,Lung
GSM3394445_Mouse_Lung_SH032.CGfinal,GSE120132,9.959859175924915,Lung
GSM3394446_Mouse_Lung_SH033.CGfinal,GSE120132,10.011369283453378,Lung
GSM3394447_Mouse_Lung_SH034.CGfinal,GSE120132,9.246493371868604,Lung
GSM3394448_Mouse_Lung_SH035.CGfinal,GSE120132,10.058110271674842,Lung
GSM3394449_Mouse_Lung_SH036.CGfinal,GSE120132,8.791945653281822,Lung
GSM3394450_Mouse_Lung_SH037.CGfinal,GSE120132,9.184310883124455,Lung
GSM3394451_Mouse_Lung_SH038.CGfinal,GSE120132,8.642345856386275,Lung
GSM3394452_Mouse_Lung_SH039.CGfinal,GSE120132,10.670583596432207,Lung
GSM3394453_Mouse_Lung_SH040.CGfinal,GSE120132,8.393744084102766,Lung
GSM3394454_Mouse_Lung_SH042.CGfinal,GSE120132,5.084569171580089,Lung
GSM3394455_Mouse_Lung_SH045.CGfinal,GSE120132,5.797851889722889,Lung
GSM3394456_Mouse_Lung_SH046.CGfinal,GSE120132,9.406966461598293,Lung
GSM3394457_Mouse_Lung_SH047.CGfinal,GSE120132,7.740410213894128,Lung
GSM3394458_Mouse_Lung_SH048.CGfinal,GSE120132,6.964494680411086,Lung
GSM3394459_Mouse_Lung_SH049.CGfinal,GSE120132,7.47188431444091,Lung
GSM3394460_Mouse_Lung_SH050.CGfinal,GSE120132,7.719055051441684,Lung
GSM3394461_Mouse_Lung_SH051.CGfinal,GSE120132,10.357243059572095,Lung
GSM3394462_Mouse_Lung_SH052.CGfinal,GSE120132,6.735936513853757,Lung
GSM3394463_Mouse_Lung_SH053.CGfinal,GSE120132,10.804544195668615,Lung
GSM3394464_Mouse_Lung_SH054.CGfinal,GSE120132,6.826698239489923,Lung
GSM3394465_Mouse_Lung_SH055.CGfinal,GSE120132,8.919756657494402,Lung
GSM3394466_Mouse_Lung_SH056.CGfinal,GSE120132,7.700432738654994,Lung
GSM3394467_Mouse_Lung_SH057.CGfinal,GSE120132,7.813468397093141,Lung
GSM3394468_Mouse_Lung_SH058.CGfinal,GSE120132,7.567482626957073,Lung
GSM3394469_Mouse_Lung_SH059.CGfinal,GSE120132,8.065009075753323,Lung
GSM3394470_Mouse_Lung_SH060.CGfinal,GSE120132,6.108584969382896,Lung
GSM3394471_Mouse_Muscle_SH001.CGfinal,GSE120132,10.235191872182856,Muscle
GSM3394472_Mouse_Muscle_SH002.CGfinal,GSE120132,9.1492740161475,Muscle
GSM3394473_Mouse_Muscle_SH003.CGfinal,GSE120132,9.252544888149218,Muscle
GSM3394474_Mouse_Muscle_SH004.CGfinal,GSE120132,14.057748553827672,Muscle
GSM3394475_Mouse_Muscle_SH005.CGfinal,GSE120132,10.08012272403521,Muscle
GSM3394476_Mouse_Muscle_SH006.CGfinal,GSE120132,11.140742307262782,Muscle
GSM3394477_Mouse_Muscle_SH007.CGfinal,GSE120132,12.198863374793332,Muscle
GSM3394478_Mouse_Muscle_SH008.CGfinal,GSE120132,10.162078080599708,Muscle
GSM3394479_Mouse_Muscle_SH009.CGfinal,GSE120132,11.785837756055878,Muscle
GSM3394480_Mouse_Muscle_SH010.CGfinal,GSE120132,10.863640643851902,Muscle
GSM3394481_Mouse_Muscle_SH011.CGfinal,GSE120132,11.209313152831024,Muscle
GSM3394482_Mouse_Muscle_SH012.CGfinal,GSE120132,10.590756161458003,Muscle
GSM3394483_Mouse_Muscle_SH013.CGfinal,GSE120132,7.611425007777242,Muscle
GSM3394484_Mouse_Muscle_SH014.CGfinal,GSE120132,5.717135154872665,Muscle
GSM3394485_Mouse_Muscle_SH015.CGfinal,GSE120132,7.894291545437195,Muscle
GSM3394486_Mouse_Muscle_SH016.CGfinal,GSE120132,6.702544816372171,Muscle
GSM3394487_Mouse_Muscle_SH017.CGfinal,GSE120132,8.817948990673193,Muscle
GSM3394488_Mouse_Muscle_SH018.CGfinal,GSE120132,9.2601418227767,Muscle
GSM3394489_Mouse_Muscle_SH019.CGfinal,GSE120132,14.52511374965577,Muscle
GSM3394490_Mouse_Muscle_SH020.CGfinal,GSE120132,11.75021683055018,Muscle
GSM3394491_Mouse_Muscle_SH021.CGfinal,GSE120132,8.159324507193485,Muscle
GSM3394492_Mouse_Muscle_SH022.CGfinal,GSE120132,9.792116053662657,Muscle
GSM3394493_Mouse_Muscle_SH023.CGfinal,GSE120132,9.074015105272656,Muscle
GSM3394494_Mouse_Muscle_SH024.CGfinal,GSE120132,7.87973690902489,Muscle
GSM3394495_Mouse_Muscle_SH025.CGfinal,GSE120132,8.703530391299187,Muscle
GSM3394496_Mouse_Muscle_SH026.CGfinal,GSE120132,11.04867486756152,Muscle
GSM3394497_Mouse_Muscle_SH027.CGfinal,GSE120132,11.758090887982444,Muscle
GSM3394498_Mouse_Muscle_SH028.CGfinal,GSE120132,12.574237782248792,Muscle
GSM3394499_Mouse_Muscle_SH029.CGfinal,GSE120132,10.41321641924488,Muscle
GSM3394500_Mouse_Muscle_SH030.CGfinal,GSE120132,13.301254713462324,Muscle
GSM3394501_Mouse_Muscle_SH031.CGfinal,GSE120132,11.08483629372674,Muscle
GSM3394502_Mouse_Muscle_SH032.CGfinal,GSE120132,17.22780439941019,Muscle
GSM3394503_Mouse_Muscle_SH033.CGfinal,GSE120132,10.477000034253033,Muscle
GSM3394504_Mouse_Muscle_SH034.CGfinal,GSE120132,11.006966109517982,Muscle
GSM3394505_Mouse_Muscle_SH035.CGfinal,GSE120132,13.21663430880738,Muscle
GSM3394506_Mouse_Muscle_SH036.CGfinal,GSE120132,11.87492031292347,Muscle
GSM3394507_Mouse_Muscle_SH037.CGfinal,GSE120132,10.355345901092232,Muscle
GSM3394508_Mouse_Muscle_SH038.CGfinal,GSE120132,8.782344932225284,Muscle
GSM3394509_Mouse_Muscle_SH039.CGfinal,GSE120132,10.31268000568023,Muscle
GSM3394510_Mouse_Muscle_SH040.CGfinal,GSE120132,9.830020256726735,Muscle
GSM3394511_Mouse_Muscle_SH041.CGfinal,GSE120132,9.287818608294,Muscle
GSM3394512_Mouse_Muscle_SH042.CGfinal,GSE120132,10.947359384155956,Muscle
GSM3394513_Mouse_Muscle_SH043.CGfinal,GSE120132,8.790881292628612,Muscle
GSM3394514_Mouse_Muscle_SH044.CGfinal,GSE120132,8.47241017069023,Muscle
GSM3394515_Mouse_Muscle_SH045.CGfinal,GSE120132,9.01689511556916,Muscle
GSM3394516_Mouse_Muscle_SH046.CGfinal,GSE120132,9.09160395333302,Muscle
GSM3394517_Mouse_Muscle_SH047.CGfinal,GSE120132,9.693058919897108,Muscle
GSM3394518_Mouse_Muscle_SH048.CGfinal,GSE120132,8.364749493524014,Muscle
GSM3394519_Mouse_Muscle_SH049.CGfinal,GSE120132,7.052359559738388,Muscle
GSM3394520_Mouse_Muscle_SH050.CGfinal,GSE120132,8.468168432956265,Muscle
GSM3394521_Mouse_Muscle_SH051.CGfinal,GSE120132,7.233832429662774,Muscle
GSM3394522_Mouse_Muscle_SH052.CGfinal,GSE120132,9.236577463088208,Muscle
GSM3394523_Mouse_Muscle_SH053.CGfinal,GSE120132,8.175291304682746,Muscle
GSM3394524_Mouse_Muscle_SH054.CGfinal,GSE120132,8.819241839740807,Muscle
GSM3394525_Mouse_Muscle_SH055.CGfinal,GSE120132,8.316024477736262,Muscle
GSM3394526_Mouse_Muscle_SH056.CGfinal,GSE120132,8.984443208014236,Muscle
GSM3394527_Mouse_Muscle_SH057.CGfinal,GSE120132,9.89168396541927,Muscle
GSM3394528_Mouse_Muscle_SH058.CGfinal,GSE120132,8.76949097243301,Muscle
GSM3394529_Mouse_Muscle_SH059.CGfinal,GSE120132,8.634157055137388,Muscle
GSM3394530_Mouse_Muscle_SH060.CGfinal,GSE120132,8.94290187436281,Muscle
GSM3394531_Kidney_03314.CGfinal,GSE120132,9.175959993979976,Kidney
GSM3394532_Kidney_03315.CGfinal,GSE120132,8.512323368574187,Kidney
GSM3394533_Kidney_03316.CGfinal,GSE120132,8.043480317743382,Kidney
GSM3394534_Kidney_03317.CGfinal,GSE120132,10.104387146331536,Kidney
GSM3394535_Kidney_03318.CGfinal,GSE120132,8.825656018864363,Kidney
GSM3394536_Kidney_03319.CGfinal,GSE120132,9.703942642128274,Kidney
GSM3394537_Kidney_03320.CGfinal,GSE120132,9.049515714907136,Kidney
GSM3394538_Kidney_03321.CGfinal,GSE120132,7.636934251803098,Kidney
GSM3394539_Kidney_03322.CGfinal,GSE120132,7.910251849355921,Kidney
GSM3394540_Kidney_03323.CGfinal,GSE120132,8.160708442191927,Kidney
GSM3394541_Kidney_03324.CGfinal,GSE120132,8.392733368454422,Kidney
GSM3394542_Kidney_03325.CGfinal,GSE120132,7.944631668546309,Kidney
GSM3394543_Kidney_03326.CGfinal,GSE120132,8.510426503872916,Kidney
GSM3394544_Kidney_03327.CGfinal,GSE120132,8.323319086011242,Kidney
GSM3394545_Kidney_03328.CGfinal,GSE120132,10.84884019364189,Kidney
GSM3394546_Kidney_03329.CGfinal,GSE120132,8.233249591440337,Kidney
GSM3394547_Kidney_03330.CGfinal,GSE120132,9.999264133242336,Kidney
GSM3394548_Kidney_03331.CGfinal,GSE120132,8.167921763321635,Kidney
GSM3394549_Kidney_03332.CGfinal,GSE120132,8.539929856072519,Kidney
GSM3394550_Kidney_03333.CGfinal,GSE120132,11.176895038578303,Kidney
GSM3394551_Kidney_03334.CGfinal,GSE120132,8.888854341618451,Kidney
GSM3394552_Kidney_03335.CGfinal,GSE120132,8.771473795134122,Kidney
GSM3394553_Kidney_03336.CGfinal,GSE120132,8.729824127528435,Kidney
GSM3394554_Kidney_03337.CGfinal,GSE120132,9.983309487293765,Kidney
GSM3394555_Kidney_03338.CGfinal,GSE120132,11.134527568545597,Kidney
GSM3394556_Kidney_03339.CGfinal,GSE120132,7.968324128901038,Kidney
GSM3394557_Kidney_03340.CGfinal,GSE120132,9.6779716089452,Kidney
GSM3394558_Kidney_03341.CGfinal,GSE120132,7.469613011079071,Kidney
GSM3394559_Kidney_03342.CGfinal,GSE120132,8.718761254675833,Kidney
GSM3394560_Kidney_03343.CGfinal,GSE120132,11.791172239223371,Kidney
GSM3394561_Kidney_03344.CGfinal,GSE120132,8.631883986898698,Kidney
GSM3394562_Kidney_03345.CGfinal,GSE120132,7.261095907548311,Kidney
GSM3394563_Kidney_03346.CGfinal,GSE120132,9.962241603179402,Kidney
GSM3394564_Kidney_03347.CGfinal,GSE120132,9.871695051422243,Kidney
GSM3394565_Kidney_03348.CGfinal,GSE120132,10.189075092465815,Kidney
GSM3394566_Kidney_03349.CGfinal,GSE120132,8.46821791605933,Kidney
GSM3394567_Kidney_03350.CGfinal,GSE120132,7.898711396049039,Kidney
GSM3394568_Kidney_03351.CGfinal,GSE120132,9.050663244524156,Kidney
GSM3394569_Kidney_03352.CGfinal,GSE120132,9.567264127053075,Kidney
GSM3394570_Kidney_03353.CGfinal,GSE120132,9.619100228579448,Kidney
GSM3394571_Kidney_03354.CGfinal,GSE120132,11.090560313172476,Kidney
GSM3394572_Kidney_03355.CGfinal,GSE120132,8.379817544203858,Kidney
GSM3394573_Kidney_03356.CGfinal,GSE120132,8.466352230366603,Kidney
GSM3394574_Kidney_03357.CGfinal,GSE120132,9.925900581717007,Kidney
GSM3394575_Kidney_03358.CGfinal,GSE120132,12.039323420221365,Kidney
GSM3394576_Kidney_03359.CGfinal,GSE120132,8.849609889714449,Kidney
GSM3394577_Kidney_03360.CGfinal,GSE120132,8.941679918036245,Kidney
GSM3394578_Kidney_03361.CGfinal,GSE120132,8.553867447716556,Kidney
GSM3394579_Kidney_04906.CGfinal,GSE120132,9.699997357385085,Kidney
GSM3394580_Kidney_04907.CGfinal,GSE120132,9.72364945862545,Kidney
GSM3394581_Kidney_04908.CGfinal,GSE120132,7.059365570845227,Kidney
GSM3394582_Kidney_04909.CGfinal,GSE120132,7.729374168540756,Kidney
GSM3394583_Kidney_04910.CGfinal,GSE120132,8.363216744881488,Kidney
GSM3394584_Kidney_04911.CGfinal,GSE120132,8.091575106318547,Kidney
GSM3394585_Kidney_04912.CGfinal,GSE120132,7.192368860944807,Kidney
GSM3394586_Kidney_04913.CGfinal,GSE120132,7.795788903013401,Kidney
GSM3394587_Kidney_04914.CGfinal,GSE120132,6.941491204480551,Kidney
GSM3394588_Kidney_04915.CGfinal,GSE120132,9.388838933543106,Kidney
GSM3394589_Kidney_04916.CGfinal,GSE120132,6.728841218218797,Kidney
GSM3394590_Kidney_04917.CGfinal,GSE120132,8.363465847625479,Kidney
GSM3394591_Kidney_04918.CGfinal,GSE120132,8.544885032523146,Kidney
GSM3394592_Kidney_04919.CGfinal,GSE120132,9.989858885627804,Kidney
GSM3394593_Kidney_04920.CGfinal,GSE120132,10.720459882487528,Kidney
GSM3394594_Kidney_04921.CGfinal,GSE120132,8.39172137218228,Kidney
GSM3394595_Kidney_04922.CGfinal,GSE120132,9.650703505544314,Kidney
GSM3394596_Kidney_04923.CGfinal,GSE120132,9.0593355618403,Kidney
GSM3394597_Kidney_04924.CGfinal,GSE120132,8.123562085569079,Kidney
GSM3394598_Kidney_04925.CGfinal,GSE120132,8.421522803319112,Kidney
GSM3394599_Kidney_04926.CGfinal,GSE120132,8.88416613378548,Kidney
GSM3394600_Kidney_04927.CGfinal,GSE120132,8.845637522669666,Kidney
GSM3394601_Kidney_04928.CGfinal,GSE120132,8.627778153950725,Kidney
GSM3394602_Kidney_04929.CGfinal,GSE120132,9.477084500644764,Kidney
GSM3394603_Kidney_04930.CGfinal,GSE120132,8.271088655260726,Kidney
GSM3394604_Kidney_04931.CGfinal,GSE120132,8.899310514159435,Kidney
GSM3394605_Kidney_04932.CGfinal,GSE120132,9.412975864841831,Kidney
GSM3394606_Kidney_04933.CGfinal,GSE120132,9.283264023269428,Kidney
GSM3394607_Kidney_04934.CGfinal,GSE120132,8.232256791725623,Kidney
GSM3394608_Kidney_04935.CGfinal,GSE120132,10.0010995518587,Kidney
GSM3394609_Kidney_04936.CGfinal,GSE120132,9.44010333777774,Kidney
GSM3394610_Kidney_04937.CGfinal,GSE120132,9.63765834193312,Kidney
GSM3394611_Kidney_04938.CGfinal,GSE120132,9.66232917622024,Kidney
GSM3394612_Kidney_04939.CGfinal,GSE120132,9.727292522820123,Kidney
GSM3394613_Kidney_04940.CGfinal,GSE120132,7.570658466263687,Kidney
GSM3394614_Kidney_04941.CGfinal,GSE120132,6.641081616540498,Kidney
GSM3394615_Kidney_04942.CGfinal,GSE120132,8.47548920928353,Kidney
GSM3394616_Kidney_04943.CGfinal,GSE120132,8.183003337293828,Kidney
GSM3394617_Kidney_04944.CGfinal,GSE120132,8.325809933937515,Kidney
GSM3394618_Kidney_04945.CGfinal,GSE120132,9.344152731822394,Kidney
GSM3394619_Kidney_04946.CGfinal,GSE120132,7.973912127251369,Kidney
GSM3394620_Kidney_04947.CGfinal,GSE120132,8.381022100979528,Kidney
GSM3394621_Kidney_04948.CGfinal,GSE120132,8.398390249919244,Kidney
GSM3394622_Kidney_04949.CGfinal,GSE120132,8.551829783227808,Kidney
GSM3394623_Kidney_04950.CGfinal,GSE120132,7.918149984969265,Kidney
GSM3394624_Kidney_04952.CGfinal,GSE120132,9.311727904508166,Kidney
GSM3394625_Kidney_04953.CGfinal,GSE120132,8.885777559237093,Kidney
GSM3394626_Kidney_04954.CGfinal,GSE120132,9.148777121531124,Kidney
GSM3394627_Kidney_04955.CGfinal,GSE120132,10.347476509371104,Kidney
GSM3394628_Kidney_04956.CGfinal,GSE120132,9.799639763455716,Kidney
GSM3394629_Kidney_04957.CGfinal,GSE120132,8.976299924933807,Kidney
GSM3394630_Kidney_04958.CGfinal,GSE120132,8.149230805939537,Kidney
GSM3394631_Kidney_04959.CGfinal,GSE120132,7.516921526824509,Kidney
GSM3394632_Kidney_04960.CGfinal,GSE120132,9.721937927231624,Kidney
GSM3394633_Kidney_04961.CGfinal,GSE120132,8.096271834165004,Kidney
GSM3394634_Kidney_04962.CGfinal,GSE120132,8.837697835735012,Kidney
GSM3394635_Kidney_04963.CGfinal,GSE120132,8.583740107088575,Kidney
GSM3394636_Kidney_04964.CGfinal,GSE120132,9.8014662417437,Kidney
GSM3394637_Kidney_04965.CGfinal,GSE120132,8.511955471007767,Kidney
GSM3394638_Kidney_04966.CGfinal,GSE120132,8.37362280747828,Kidney
GSM3394639_Kidney_04967.CGfinal,GSE120132,7.696064942677134,Kidney
GSM3394640_Kidney_04968.CGfinal,GSE120132,8.389164075743688,Kidney
GSM3394641_Kidney_04969.CGfinal,GSE120132,7.3302193334110175,Kidney
GSM3394642_Kidney_04970.CGfinal,GSE120132,7.963141079257364,Kidney
GSM3394643_Kidney_04971.CGfinal,GSE120132,8.783552422494763,Kidney
GSM3394644_Kidney_04972.CGfinal,GSE120132,8.307947552359682,Kidney
GSM3394645_Kidney_04973.CGfinal,GSE120132,6.66647357695847,Kidney
GSM3394646_Kidney_04974.CGfinal,GSE120132,10.207850699381614,Kidney
GSM3394647_Kidney_04975.CGfinal,GSE120132,8.029861169651575,Kidney
GSM3394648_Kidney_04976.CGfinal,GSE120132,6.240863818085414,Kidney
GSM3394649_Kidney_04977.CGfinal,GSE120132,7.694913243337346,Kidney
GSM3394650_Kidney_04978.CGfinal,GSE120132,12.957367726936768,Kidney
GSM3394651_Kidney_04979.CGfinal,GSE120132,7.756846530064182,Kidney
GSM3394652_Kidney_04980.CGfinal,GSE120132,8.641446381494848,Kidney
GSM3394653_Kidney_04981.CGfinal,GSE120132,10.130599209814392,Kidney
GSM3394654_Kidney_04982.CGfinal,GSE120132,8.285679000984924,Kidney
GSM3394655_Kidney_04983.CGfinal,GSE120132,8.669361466250749,Kidney
GSM3394656_Kidney_04984.CGfinal,GSE120132,7.402784445906617,Kidney
GSM3394657_Kidney_04985.CGfinal,GSE120132,6.570210241329063,Kidney
GSM3394658_Kidney_04986.CGfinal,GSE120132,8.84019062577065,Kidney
GSM3394659_Kidney_04987.CGfinal,GSE120132,7.353097409713055,Kidney
GSM3394660_Kidney_04988.CGfinal,GSE120132,9.066565277247769,Kidney
GSM3394661_Kidney_04989.CGfinal,GSE120132,7.565504315749104,Kidney
GSM3394662_Kidney_04990.CGfinal,GSE120132,9.129223986739444,Kidney
GSM3394663_Kidney_04991.CGfinal,GSE120132,8.039770700197828,Kidney
GSM3394664_Kidney_04992.CGfinal,GSE120132,7.478768232699551,Kidney
GSM3394665_Kidney_04993.CGfinal,GSE120132,9.59042318502448,Kidney
GSM3394666_Kidney_04994.CGfinal,GSE120132,7.264443371746214,Kidney
GSM3394667_Kidney_04995.CGfinal,GSE120132,7.98678285052525,Kidney
GSM3394668_Kidney_04996.CGfinal,GSE120132,9.242065707892104,Kidney
GSM3394669_Kidney_04997.CGfinal,GSE120132,9.381668104978049,Kidney
GSM3394670_Kidney_04998.CGfinal,GSE120132,8.712814556462261,Kidney
GSM3394671_Kidney_04999.CGfinal,GSE120132,10.535409439369936,Kidney
GSM3394672_Kidney_05000.CGfinal,GSE120132,9.415909825577453,Kidney
GSM3394673_Kidney_05001.CGfinal,GSE120132,9.404097336219987,Kidney
GSM3394674_Kidney_05002.CGfinal,GSE120132,9.799681335587549,Kidney
GSM3394675_Kidney_05003.CGfinal,GSE120132,9.039770705066507,Kidney
GSM3394676_Kidney_05004.CGfinal,GSE120132,9.17632230514094,Kidney
GSM3394677_Kidney_05005.CGfinal,GSE120132,9.125548149440132,Kidney
GSM3394678_Kidney_05006.CGfinal,GSE120132,10.348889870430837,Kidney
GSM3394679_Kidney_05007.CGfinal,GSE120132,7.63573247169891,Kidney
GSM3394680_Kidney_05008.CGfinal,GSE120132,8.612563807306012,Kidney
GSM3394681_Kidney_05009.CGfinal,GSE120132,8.119884066731872,Kidney
GSM3394682_Kidney_05010.CGfinal,GSE120132,9.73476731353173,Kidney
GSM3394683_Kidney_05011.CGfinal,GSE120132,7.109037824184107,Kidney
GSM3394684_Kidney_05012.CGfinal,GSE120132,8.955334200479792,Kidney
GSM3394685_Kidney_05013.CGfinal,GSE120132,7.723940763421082,Kidney
GSM3394686_Kidney_05014.CGfinal,GSE120132,7.844558492768783,Kidney
GSM3394687_Kidney_05015.CGfinal,GSE120132,9.140437295692085,Kidney
GSM3394688_Kidney_05016.CGfinal,GSE120132,9.373302953972171,Kidney
GSM3394689_Kidney_05017.CGfinal,GSE120132,7.316561674873146,Kidney
GSM3394690_Kidney_05018.CGfinal,GSE120132,8.86879734243159,Kidney
GSM3394691_Kidney_05019.CGfinal,GSE120132,8.9379047494282,Kidney
GSM3394692_Kidney_05020.CGfinal,GSE120132,8.14462482321239,Kidney
GSM3394693_Kidney_05021.CGfinal,GSE120132,8.511544112947034,Kidney
GSM3394694_Kidney_05022.CGfinal,GSE120132,8.496203866612278,Kidney
GSM3394695_Kidney_05023.CGfinal,GSE120132,12.277851642116865,Kidney
GSM3394696_Kidney_05024.CGfinal,GSE120132,7.93158068676974,Kidney
GSM3394697_Kidney_05025.CGfinal,GSE120132,8.648302350695214,Kidney
GSM3394698_Kidney_05026.CGfinal,GSE120132,10.000399848013982,Kidney
GSM3394699_Kidney_05027.CGfinal,GSE120132,9.26847680072332,Kidney
GSM3394700_Kidney_05028.CGfinal,GSE120132,9.799380678767488,Kidney
GSM3394701_Kidney_05029.CGfinal,GSE120132,9.977751595120894,Kidney
GSM3394702_Kidney_05030.CGfinal,GSE120132,9.671501711919936,Kidney
GSM3394703_Kidney_05031.CGfinal,GSE120132,9.460752839440213,Kidney
GSM3394704_Kidney_05032.CGfinal,GSE120132,8.285723555875125,Kidney
GSM3394705_Kidney_05033.CGfinal,GSE120132,11.600717623625927,Kidney
GSM3394706_Kidney_05034.CGfinal,GSE120132,9.571512066911398,Kidney
GSM3394707_Kidney_05035.CGfinal,GSE120132,9.612202747205828,Kidney
GSM3394708_Kidney_05036.CGfinal,GSE120132,9.795542798556893,Kidney
GSM3394709_Kidney_05037.CGfinal,GSE120132,10.402444615779402,Kidney
GSM3394710_Kidney_05038.CGfinal,GSE120132,8.788931352027523,Kidney
GSM3394711_Kidney_05039.CGfinal,GSE120132,9.386111481498023,Kidney
GSM3394712_Kidney_05040.CGfinal,GSE120132,9.7115477188416,Kidney
GSM3394713_Kidney_05041.CGfinal,GSE120132,9.374823304829572,Kidney
GSM3394714_Kidney_05042.CGfinal,GSE120132,8.83160930046769,Kidney
GSM3394715_Kidney_05043.CGfinal,GSE120132,9.019781166273711,Kidney
GSM3394716_Kidney_05044.CGfinal,GSE120132,9.428123498209867,Kidney
GSM3394717_Kidney_05045.CGfinal,GSE120132,10.004662450286526,Kidney
GSM3394718_Kidney_05046.CGfinal,GSE120132,9.252859107975183,Kidney
GSM3394719_Kidney_05047.CGfinal,GSE120132,8.73928724250447,Kidney
GSM3394720_Kidney_05048.CGfinal,GSE120132,7.219911233193429,Kidney
