Sample_ID,Dataset,Predicted_Age_Weeks
M00018359_41wk_Cortex,GSE93957,27.250002456326044
M00018359_41wk_Heart,GSE93957,22.595643648501298
M00018359_41wk_Liver,GSE93957,23.396820722105865
M00018359_41wk_Lung,GSE93957,22.22266442524862
M00018362_41wk_Cortex,GSE93957,25.886794252836747
M00018362_41wk_Heart,GSE93957,18.330034568550495
M00018362_41wk_Liver,GSE93957,28.09908256318012
M00018362_41wk_Lung,GSE93957,16.35920978897717
M00018363_41wk_Cortex,GSE93957,29.649233761835703
M00018363_41wk_Heart,GSE93957,18.816103474752392
M00018363_41wk_Liver,GSE93957,23.769803649826464
M00018363_41wk_Lung,GSE93957,16.260234178894688
M00018381_41wk_Cortex,GSE93957,25.061085115750007
M00018381_41wk_Heart,GSE93957,13.110327892048915
M00018381_41wk_Liver,GSE93957,29.69861162541997
M00018381_41wk_Lung,GSE93957,13.279100602037868
M00018724_27wk_Cortex,GSE93957,18.692723919248582
M00018724_27wk_Heart,GSE93957,16.8956602083073
M00018724_27wk_Liver,GSE93957,21.601185882588666
M00018724_27wk_Lung,GSE93957,14.150196946019935
M00018752_27wk_Cortex,GSE93957,22.00783624335078
M00018752_27wk_Heart,GSE93957,17.3256306910866
M00018752_27wk_Liver,GSE93957,24.496776588732573
M00018752_27wk_Lung,GSE93957,15.083610342988976
M00018754_27wk_Cortex,GSE93957,23.25696768753101
M00018754_27wk_Heart,GSE93957,16.388323513802593
M00018754_27wk_Liver,GSE93957,18.208713066663332
M00018754_27wk_Lung,GSE93957,14.26843794981935
M0112371_27wk_Cortex,GSE93957,17.174384557311825
M0112371_27wk_Heart,GSE93957,14.02262567731751
M0112371_27wk_Liver,GSE93957,17.469923226627486
M0112371_27wk_Lung,GSE93957,15.548833622120029
M01NB_1wk_Cortex,GSE93957,0.13806801770109045
M01NB_1wk_Heart,GSE93957,0.3980340274304055
M01NB_1wk_Liver,GSE93957,0.30713479202764304
M01NB_1wk_Lung,GSE93957,0.4369433305859376
M02NB_1wk_Cortex,GSE93957,1.0251997590595563
M02NB_1wk_Liver,GSE93957,1.5967813883346311
M02NB_1wk_Lung,GSE93957,1.2208067130841114
M03NB_1wk_Cortex,GSE93957,0.3346031094232176
M03NB_1wk_Heart,GSE93957,0.7236591401232335
M03NB_1wk_Lung,GSE93957,0.710297708567329
M0420525_14wk_Cortex,GSE93957,12.19237426232641
M0420525_14wk_Heart,GSE93957,8.93792474996418
M0420525_14wk_Liver,GSE93957,11.017554940623098
M0420525_14wk_Lung,GSE93957,9.559496336092058
M0420527_14wk_Cortex,GSE93957,14.62428789523311
M0420527_14wk_Heart,GSE93957,9.797395677958656
M0420527_14wk_Liver,GSE93957,8.934254480184475
M0420527_14wk_Lung,GSE93957,8.921244801954886
M04NB_1wk_Cortex,GSE93957,0.1643325413153085
M04NB_1wk_Heart,GSE93957,0.5467440542972715
M04NB_1wk_Liver,GSE93957,0.3603599613565578
M04NB_1wk_Lung,GSE93957,1.1192678894219164
M0512375_27wk_Cortex,GSE93957,20.65002278596289
M0512375_27wk_Heart,GSE93957,12.60948152161399
M0512375_27wk_Liver,GSE93957,13.566962599825718
M0512375_27wk_Lung,GSE93957,16.645306818011697
M0520522_14wk_Cortex,GSE93957,13.575262202137534
M0520522_14wk_Heart,GSE93957,10.596955148213311
M0520522_14wk_Liver,GSE93957,15.557975185480949
M0520522_14wk_Lung,GSE93957,7.9055892344542595
GSM3394172_Mouse_Adipose_SH001.CGfinal,GSE120132,8.863815715603765
GSM3394173_Mouse_Adipose_SH002.CGfinal,GSE120132,8.915767309963012
GSM3394174_Mouse_Adipose_SH003.CGfinal,GSE120132,8.123204402717215
GSM3394175_Mouse_Adipose_SH004.CGfinal,GSE120132,9.408181708846895
GSM3394176_Mouse_Adipose_SH005.CGfinal,GSE120132,8.06421180775047
GSM3394177_Mouse_Adipose_SH006.CGfinal,GSE120132,8.930885587721583
GSM3394178_Mouse_Adipose_SH007.CGfinal,GSE120132,9.117037330292629
GSM3394179_Mouse_Adipose_SH008.CGfinal,GSE120132,9.457777199649978
GSM3394180_Mouse_Adipose_SH009.CGfinal,GSE120132,8.286393309053858
GSM3394181_Mouse_Adipose_SH010.CGfinal,GSE120132,8.216252746088712
GSM3394182_Mouse_Adipose_SH011.CGfinal,GSE120132,8.852446135687373
GSM3394183_Mouse_Adipose_SH012.CGfinal,GSE120132,8.055555382980746
GSM3394184_Mouse_Adipose_SH013.CGfinal,GSE120132,8.80656407093353
GSM3394185_Mouse_Adipose_SH014.CGfinal,GSE120132,8.003409217759112
GSM3394186_Mouse_Adipose_SH015.CGfinal,GSE120132,8.75951574504759
GSM3394187_Mouse_Adipose_SH016.CGfinal,GSE120132,10.877287826687786
GSM3394188_Mouse_Adipose_SH017.CGfinal,GSE120132,8.55228366948001
GSM3394189_Mouse_Adipose_SH018.CGfinal,GSE120132,9.559033958942177
GSM3394190_Mouse_Adipose_SH019.CGfinal,GSE120132,6.94313224598894
GSM3394191_Mouse_Adipose_SH020.CGfinal,GSE120132,8.108756399071952
GSM3394192_Mouse_Adipose_SH021.CGfinal,GSE120132,8.217213107069709
GSM3394193_Mouse_Adipose_SH022.CGfinal,GSE120132,9.041441159390144
GSM3394194_Mouse_Adipose_SH023.CGfinal,GSE120132,7.595731275907925
GSM3394195_Mouse_Adipose_SH024.CGfinal,GSE120132,8.068681453380695
GSM3394196_Mouse_Adipose_SH025.CGfinal,GSE120132,7.634839077478057
GSM3394197_Mouse_Adipose_SH026.CGfinal,GSE120132,7.355096310278963
GSM3394198_Mouse_Adipose_SH027.CGfinal,GSE120132,7.8550381722315965
GSM3394199_Mouse_Adipose_SH028.CGfinal,GSE120132,5.842417595213119
GSM3394200_Mouse_Adipose_SH029.CGfinal,GSE120132,6.8583915544037914
GSM3394201_Mouse_Adipose_SH030.CGfinal,GSE120132,6.538860723550652
GSM3394202_Mouse_Adipose_SH031.CGfinal,GSE120132,6.826263379893913
GSM3394203_Mouse_Adipose_SH032.CGfinal,GSE120132,8.77287723636104
GSM3394204_Mouse_Adipose_SH033.CGfinal,GSE120132,9.497878010060164
GSM3394205_Mouse_Adipose_SH034.CGfinal,GSE120132,10.088595717908941
GSM3394206_Mouse_Adipose_SH035.CGfinal,GSE120132,7.75070425743975
GSM3394207_Mouse_Adipose_SH036.CGfinal,GSE120132,6.248414715147211
GSM3394208_Mouse_Adipose_SH037.CGfinal,GSE120132,7.33256607229481
GSM3394209_Mouse_Adipose_SH038.CGfinal,GSE120132,7.754144758226559
GSM3394210_Mouse_Adipose_SH039.CGfinal,GSE120132,6.9917375156685555
GSM3394211_Mouse_Adipose_SH040.CGfinal,GSE120132,7.749090625725184
GSM3394212_Mouse_Adipose_SH041.CGfinal,GSE120132,6.49949385262572
GSM3394213_Mouse_Adipose_SH042.CGfinal,GSE120132,5.9363867742033065
GSM3394214_Mouse_Adipose_SH043.CGfinal,GSE120132,5.317758693890054
GSM3394215_Mouse_Adipose_SH044.CGfinal,GSE120132,5.626601452624991
GSM3394216_Mouse_Adipose_SH045.CGfinal,GSE120132,7.671952513989899
GSM3394217_Mouse_Adipose_SH046.CGfinal,GSE120132,6.938604480163578
GSM3394218_Mouse_Adipose_SH047.CGfinal,GSE120132,7.084224250051708
GSM3394219_Mouse_Adipose_SH048.CGfinal,GSE120132,6.796100379416874
GSM3394220_Mouse_Adipose_SH049.CGfinal,GSE120132,5.926818771164104
GSM3394221_Mouse_Adipose_SH050.CGfinal,GSE120132,7.752994735354111
GSM3394222_Mouse_Adipose_SH051.CGfinal,GSE120132,8.188495388662709
GSM3394223_Mouse_Adipose_SH052.CGfinal,GSE120132,6.835333068716968
GSM3394224_Mouse_Adipose_SH053.CGfinal,GSE120132,8.336991163733073
GSM3394225_Mouse_Adipose_SH054.CGfinal,GSE120132,7.817873734954212
GSM3394226_Mouse_Adipose_SH055.CGfinal,GSE120132,6.980842594166354
GSM3394227_Mouse_Adipose_SH056.CGfinal,GSE120132,8.713584405881157
GSM3394228_Mouse_Blood_SH001.CGfinal,GSE120132,13.951278387266822
GSM3394229_Mouse_Blood_SH005.CGfinal,GSE120132,14.556767466197549
GSM3394230_Mouse_Blood_SH006.CGfinal,GSE120132,15.431310206199257
GSM3394231_Mouse_Blood_SH007.CGfinal,GSE120132,16.201428155617613
GSM3394232_Mouse_Blood_SH008.CGfinal,GSE120132,15.187968915281573
GSM3394233_Mouse_Blood_SH009.CGfinal,GSE120132,16.63115099432943
GSM3394234_Mouse_Blood_SH010.CGfinal,GSE120132,14.365280682111276
GSM3394235_Mouse_Blood_SH011.CGfinal,GSE120132,13.643833746747344
GSM3394236_Mouse_Blood_SH012.CGfinal,GSE120132,17.522944405438274
GSM3394237_Mouse_Blood_SH013.CGfinal,GSE120132,13.394938291766614
GSM3394238_Mouse_Blood_SH014.CGfinal,GSE120132,19.154110237025773
GSM3394239_Mouse_Blood_SH015.CGfinal,GSE120132,17.158182165674454
GSM3394240_Mouse_Blood_SH016.CGfinal,GSE120132,16.398701949877697
GSM3394241_Mouse_Blood_SH017.CGfinal,GSE120132,15.630977343432537
GSM3394242_Mouse_Blood_SH018.CGfinal,GSE120132,16.473381368293406
GSM3394243_Mouse_Blood_SH019.CGfinal,GSE120132,15.51159582804971
GSM3394244_Mouse_Blood_SH020.CGfinal,GSE120132,17.430942056011357
GSM3394245_Mouse_Blood_SH030.CGfinal,GSE120132,14.43201629529803
GSM3394246_Mouse_Blood_SH033.CGfinal,GSE120132,17.027568150864465
GSM3394247_Mouse_Blood_SH034.CGfinal,GSE120132,14.765205091621691
GSM3394248_Mouse_Blood_SH035.CGfinal,GSE120132,15.019990097821985
GSM3394249_Mouse_Blood_SH036.CGfinal,GSE120132,15.851805900433266
GSM3394250_Mouse_Blood_SH037.CGfinal,GSE120132,14.414248363512723
GSM3394251_Mouse_Blood_SH038.CGfinal,GSE120132,16.7236497773546
GSM3394252_Mouse_Blood_SH039.CGfinal,GSE120132,16.902246060377514
GSM3394253_Mouse_Blood_SH040.CGfinal,GSE120132,17.91030927628624
GSM3394254_Mouse_Blood_SH041.CGfinal,GSE120132,14.19891879833828
GSM3394255_Mouse_Blood_SH045.CGfinal,GSE120132,13.7423006920945
GSM3394256_Mouse_Blood_SH056.CGfinal,GSE120132,13.187049887126971
GSM3394257_Mouse_Blood_SH057.CGfinal,GSE120132,15.690507294502329
GSM3394258_Mouse_Blood_SH058.CGfinal,GSE120132,12.883647341123796
GSM3394259_Mouse_Blood_SH059.CGfinal,GSE120132,11.861016981228632
GSM3394260_Mouse_Blood_SH061.CGfinal,GSE120132,14.332352354057562
GSM3394261_Mouse_Blood_SH062.CGfinal,GSE120132,14.225326643052494
GSM3394262_Mouse_Blood_SH063.CGfinal,GSE120132,16.86989560785257
GSM3394263_Mouse_Blood_SH064.CGfinal,GSE120132,14.684518782924318
GSM3394264_Mouse_Blood_SH065.CGfinal,GSE120132,13.969004487052342
GSM3394265_Mouse_Blood_SH066.CGfinal,GSE120132,13.409514673414261
GSM3394266_Mouse_Blood_SH067.CGfinal,GSE120132,13.666197123761048
GSM3394267_Mouse_Blood_SH068.CGfinal,GSE120132,15.509630767717645
GSM3394268_Mouse_Blood_SH069.CGfinal,GSE120132,16.3301011557691
GSM3394269_Mouse_Blood_SH070.CGfinal,GSE120132,14.729075508747862
GSM3394270_Mouse_Blood_SH071.CGfinal,GSE120132,18.48684695540846
GSM3394271_Mouse_Blood_SH072.CGfinal,GSE120132,14.459309383714018
GSM3394272_Mouse_Blood_SH073.CGfinal,GSE120132,15.302174377887685
GSM3394273_Mouse_Blood_SH074.CGfinal,GSE120132,13.068952095877293
GSM3394274_Mouse_Blood_SH075.CGfinal,GSE120132,14.264697623524082
GSM3394275_Mouse_Blood_SH076.CGfinal,GSE120132,14.495843446189532
GSM3394276_Mouse_Blood_SH077.CGfinal,GSE120132,15.962294472774357
GSM3394277_Mouse_Blood_SH078.CGfinal,GSE120132,15.90296176972463
GSM3394278_Mouse_Blood_SH079.CGfinal,GSE120132,14.422491813953318
GSM3394279_Mouse_Blood_SH080.CGfinal,GSE120132,13.62925349073603
GSM3394280_Mouse_Blood_SH081.CGfinal,GSE120132,13.44831577130309
GSM3394281_Mouse_Blood_SH082.CGfinal,GSE120132,12.416440330624942
GSM3394282_Mouse_Blood_SH083.CGfinal,GSE120132,13.03245969058376
GSM3394283_Mouse_Blood_SH084.CGfinal,GSE120132,13.567489435067802
GSM3394284_Mouse_Blood_SH085.CGfinal,GSE120132,11.766859095020719
GSM3394285_Mouse_Blood_SH086.CGfinal,GSE120132,13.109022514187842
GSM3394286_Mouse_Blood_SH087.CGfinal,GSE120132,14.288879402681417
GSM3394287_Mouse_Blood_SH088.CGfinal,GSE120132,11.479336412121718
GSM3394288_Mouse_Blood_SH089.CGfinal,GSE120132,13.76001614222584
GSM3394289_Mouse_Blood_SH090.CGfinal,GSE120132,13.236129381856891
GSM3394290_Mouse_Blood_SH091.CGfinal,GSE120132,10.63934042286451
GSM3394291_Mouse_Blood_SH092.CGfinal,GSE120132,12.886270479693286
GSM3394292_Mouse_Blood_SH093.CGfinal,GSE120132,12.305713973925204
GSM3394293_Mouse_Blood_SH094.CGfinal,GSE120132,11.131389980212438
GSM3394294_Mouse_Blood_SH095.CGfinal,GSE120132,12.392969303152022
GSM3394295_Mouse_Blood_SH096.CGfinal,GSE120132,11.20232974903439
GSM3394296_Mouse_Blood_SH097.CGfinal,GSE120132,10.256825652153326
GSM3394297_Mouse_Blood_SH098.CGfinal,GSE120132,11.359929382844069
GSM3394298_Mouse_Blood_SH099.CGfinal,GSE120132,12.48160620436701
GSM3394299_Mouse_Blood_SH100.CGfinal,GSE120132,11.472207928992958
GSM3394300_Mouse_Kidney_SH001.CGfinal,GSE120132,9.205016343107296
GSM3394301_Mouse_Kidney_SH002.CGfinal,GSE120132,8.854962202290185
GSM3394302_Mouse_Kidney_SH003.CGfinal,GSE120132,9.523630377870946
GSM3394303_Mouse_Kidney_SH004.CGfinal,GSE120132,10.251563139506304
GSM3394304_Mouse_Kidney_SH005.CGfinal,GSE120132,10.10397072286283
GSM3394305_Mouse_Kidney_SH006.CGfinal,GSE120132,11.165196682557179
GSM3394306_Mouse_Kidney_SH007.CGfinal,GSE120132,9.973313861232011
GSM3394307_Mouse_Kidney_SH008.CGfinal,GSE120132,9.683349270377782
GSM3394308_Mouse_Kidney_SH009.CGfinal,GSE120132,9.214606730287626
GSM3394309_Mouse_Kidney_SH010.CGfinal,GSE120132,9.321779688688437
GSM3394310_Mouse_Kidney_SH011.CGfinal,GSE120132,7.84463935487816
GSM3394311_Mouse_Kidney_SH012.CGfinal,GSE120132,14.136078697343255
GSM3394312_Mouse_Kidney_SH013.CGfinal,GSE120132,8.72348278488851
GSM3394313_Mouse_Kidney_SH014.CGfinal,GSE120132,6.561721607485252
GSM3394314_Mouse_Kidney_SH015.CGfinal,GSE120132,9.810493328304027
GSM3394315_Mouse_Kidney_SH016.CGfinal,GSE120132,11.064430133573826
GSM3394316_Mouse_Kidney_SH017.CGfinal,GSE120132,9.659753429260626
GSM3394317_Mouse_Kidney_SH018.CGfinal,GSE120132,10.26067266581211
GSM3394318_Mouse_Kidney_SH019.CGfinal,GSE120132,9.521704091705885
GSM3394319_Mouse_Kidney_SH020.CGfinal,GSE120132,9.792366371887676
GSM3394320_Mouse_Kidney_SH021.CGfinal,GSE120132,8.88627338827852
GSM3394321_Mouse_Kidney_SH022.CGfinal,GSE120132,8.316090791617201
GSM3394322_Mouse_Kidney_SH023.CGfinal,GSE120132,8.587723326416306
GSM3394323_Mouse_Kidney_SH024.CGfinal,GSE120132,10.275491740253775
GSM3394324_Mouse_Kidney_SH025.CGfinal,GSE120132,7.516702881865276
GSM3394325_Mouse_Kidney_SH026.CGfinal,GSE120132,7.945942197395215
GSM3394326_Mouse_Kidney_SH027.CGfinal,GSE120132,9.804033703003107
GSM3394327_Mouse_Kidney_SH029.CGfinal,GSE120132,10.973114054439032
GSM3394328_Mouse_Kidney_SH030.CGfinal,GSE120132,8.928517937042102
GSM3394329_Mouse_Kidney_SH031.CGfinal,GSE120132,7.530887529865685
GSM3394330_Mouse_Kidney_SH032.CGfinal,GSE120132,9.590108244116877
GSM3394331_Mouse_Kidney_SH033.CGfinal,GSE120132,6.503558704442506
GSM3394332_Mouse_Kidney_SH034.CGfinal,GSE120132,8.31624041314909
GSM3394333_Mouse_Kidney_SH035.CGfinal,GSE120132,9.959010071479911
GSM3394334_Mouse_Kidney_SH036.CGfinal,GSE120132,10.29674913684723
GSM3394335_Mouse_Kidney_SH037.CGfinal,GSE120132,10.811204978903742
GSM3394336_Mouse_Kidney_SH038.CGfinal,GSE120132,9.625101348214127
GSM3394337_Mouse_Kidney_SH039.CGfinal,GSE120132,8.772439280178176
GSM3394338_Mouse_Kidney_SH040.CGfinal,GSE120132,8.285211726576614
GSM3394339_Mouse_Kidney_SH041.CGfinal,GSE120132,6.969127101758076
GSM3394340_Mouse_Kidney_SH042.CGfinal,GSE120132,7.519783722225656
GSM3394341_Mouse_Kidney_SH043.CGfinal,GSE120132,7.7898623132569345
GSM3394342_Mouse_Kidney_SH044.CGfinal,GSE120132,6.394766671644076
GSM3394343_Mouse_Kidney_SH045.CGfinal,GSE120132,6.231212351008786
GSM3394344_Mouse_Kidney_SH046.CGfinal,GSE120132,8.55683811646333
GSM3394345_Mouse_Kidney_SH047.CGfinal,GSE120132,7.861965591102713
GSM3394346_Mouse_Kidney_SH048.CGfinal,GSE120132,5.517222394351343
GSM3394347_Mouse_Kidney_SH049.CGfinal,GSE120132,5.930876441342967
GSM3394348_Mouse_Kidney_SH050.CGfinal,GSE120132,8.929331966455337
GSM3394349_Mouse_Kidney_SH051.CGfinal,GSE120132,10.07323253295648
GSM3394350_Mouse_Kidney_SH053.CGfinal,GSE120132,8.77446232619884
GSM3394351_Mouse_Kidney_SH054.CGfinal,GSE120132,7.759936279694411
GSM3394352_Mouse_Kidney_SH055.CGfinal,GSE120132,6.641913238351803
GSM3394353_Mouse_Kidney_SH056.CGfinal,GSE120132,9.213742395373345
GSM3394354_Mouse_Liver_SH001.CGfinal,GSE120132,12.024199183519768
GSM3394355_Mouse_Liver_SH002.CGfinal,GSE120132,14.70558364592895
GSM3394356_Mouse_Liver_SH003.CGfinal,GSE120132,13.468183141077443
GSM3394357_Mouse_Liver_SH004.CGfinal,GSE120132,14.511848947397361
GSM3394358_Mouse_Liver_SH005.CGfinal,GSE120132,14.603743500781682
GSM3394359_Mouse_Liver_SH006.CGfinal,GSE120132,15.638130114858342
GSM3394360_Mouse_Liver_SH007.CGfinal,GSE120132,13.322393335678242
GSM3394361_Mouse_Liver_SH008.CGfinal,GSE120132,15.95907520170871
GSM3394362_Mouse_Liver_SH009.CGfinal,GSE120132,13.284985100286114
GSM3394363_Mouse_Liver_SH010.CGfinal,GSE120132,14.36546064101707
GSM3394364_Mouse_Liver_SH011.CGfinal,GSE120132,17.709879064165282
GSM3394365_Mouse_Liver_SH012.CGfinal,GSE120132,17.699342427299907
GSM3394366_Mouse_Liver_SH013.CGfinal,GSE120132,13.957494973794297
GSM3394367_Mouse_Liver_SH014.CGfinal,GSE120132,14.751034963938704
GSM3394368_Mouse_Liver_SH015.CGfinal,GSE120132,15.217441374589004
GSM3394369_Mouse_Liver_SH016.CGfinal,GSE120132,16.394090281320235
GSM3394370_Mouse_Liver_SH017.CGfinal,GSE120132,16.70199524524531
GSM3394371_Mouse_Liver_SH018.CGfinal,GSE120132,17.558037395456687
GSM3394372_Mouse_Liver_SH019.CGfinal,GSE120132,14.4086511039573
GSM3394373_Mouse_Liver_SH020.CGfinal,GSE120132,14.70413756794774
GSM3394374_Mouse_Liver_SH021.CGfinal,GSE120132,13.099436911730184
GSM3394375_Mouse_Liver_SH022.CGfinal,GSE120132,11.519148639624536
GSM3394376_Mouse_Liver_SH023.CGfinal,GSE120132,14.310929444223014
GSM3394377_Mouse_Liver_SH024.CGfinal,GSE120132,15.48211113648771
GSM3394378_Mouse_Liver_SH025.CGfinal,GSE120132,14.724467445134263
GSM3394379_Mouse_Liver_SH026.CGfinal,GSE120132,12.767957100972692
GSM3394380_Mouse_Liver_SH027.CGfinal,GSE120132,13.123061724307863
GSM3394381_Mouse_Liver_SH028.CGfinal,GSE120132,12.376080459930087
GSM3394382_Mouse_Liver_SH029.CGfinal,GSE120132,15.49537291545493
GSM3394383_Mouse_Liver_SH030.CGfinal,GSE120132,12.62800681924996
GSM3394384_Mouse_Liver_SH031.CGfinal,GSE120132,14.870161167318692
GSM3394385_Mouse_Liver_SH032.CGfinal,GSE120132,15.581353454733282
GSM3394386_Mouse_Liver_SH033.CGfinal,GSE120132,12.420018848778685
GSM3394387_Mouse_Liver_SH034.CGfinal,GSE120132,14.28613647558798
GSM3394388_Mouse_Liver_SH035.CGfinal,GSE120132,12.9255466924345
GSM3394389_Mouse_Liver_SH036.CGfinal,GSE120132,13.742637405403865
GSM3394390_Mouse_Liver_SH037.CGfinal,GSE120132,14.249748298964736
GSM3394391_Mouse_Liver_SH038.CGfinal,GSE120132,13.319474926408162
GSM3394392_Mouse_Liver_SH039.CGfinal,GSE120132,15.118309217497806
GSM3394393_Mouse_Liver_SH040.CGfinal,GSE120132,14.171306581970885
GSM3394394_Mouse_Liver_SH041.CGfinal,GSE120132,9.378926818609525
GSM3394395_Mouse_Liver_SH042.CGfinal,GSE120132,7.369627922346197
GSM3394396_Mouse_Liver_SH043.CGfinal,GSE120132,7.753592055627593
GSM3394397_Mouse_Liver_SH044.CGfinal,GSE120132,9.461906068590825
GSM3394398_Mouse_Liver_SH045.CGfinal,GSE120132,7.674097440960219
GSM3394399_Mouse_Liver_SH046.CGfinal,GSE120132,9.190227280927232
GSM3394400_Mouse_Liver_SH047.CGfinal,GSE120132,6.899169117395081
GSM3394401_Mouse_Liver_SH048.CGfinal,GSE120132,9.342233339284773
GSM3394402_Mouse_Liver_SH049.CGfinal,GSE120132,9.407431286371734
GSM3394403_Mouse_Liver_SH050.CGfinal,GSE120132,8.770091339840357
GSM3394404_Mouse_Liver_SH051.CGfinal,GSE120132,9.25487099008699
GSM3394405_Mouse_Liver_SH052.CGfinal,GSE120132,10.51181769915072
GSM3394406_Mouse_Liver_SH053.CGfinal,GSE120132,9.04315125089261
GSM3394407_Mouse_Liver_SH054.CGfinal,GSE120132,9.380920318645195
GSM3394408_Mouse_Liver_SH055.CGfinal,GSE120132,11.359244465295776
GSM3394409_Mouse_Liver_SH056.CGfinal,GSE120132,9.495612610024551
GSM3394410_Mouse_Liver_SH057.CGfinal,GSE120132,10.997360522675862
GSM3394411_Mouse_Liver_SH058.CGfinal,GSE120132,10.527600849894144
GSM3394412_Mouse_Liver_SH059.CGfinal,GSE120132,9.873513692172095
GSM3394413_Mouse_Liver_SH060.CGfinal,GSE120132,10.348159036344464
GSM3394414_Mouse_Lung_SH001.CGfinal,GSE120132,10.594170441560701
GSM3394415_Mouse_Lung_SH002.CGfinal,GSE120132,9.782629409481064
GSM3394416_Mouse_Lung_SH003.CGfinal,GSE120132,9.809539957552158
GSM3394417_Mouse_Lung_SH004.CGfinal,GSE120132,7.4016002022977645
GSM3394418_Mouse_Lung_SH005.CGfinal,GSE120132,9.203935792830064
GSM3394419_Mouse_Lung_SH006.CGfinal,GSE120132,7.9191823018459235
GSM3394420_Mouse_Lung_SH007.CGfinal,GSE120132,9.658199410586565
GSM3394421_Mouse_Lung_SH008.CGfinal,GSE120132,8.346628097862766
GSM3394422_Mouse_Lung_SH009.CGfinal,GSE120132,10.463435139491018
GSM3394423_Mouse_Lung_SH010.CGfinal,GSE120132,11.249970682045623
GSM3394424_Mouse_Lung_SH011.CGfinal,GSE120132,8.063071691521792
GSM3394425_Mouse_Lung_SH012.CGfinal,GSE120132,13.481567404341021
GSM3394426_Mouse_Lung_SH013.CGfinal,GSE120132,8.375289416876079
GSM3394427_Mouse_Lung_SH014.CGfinal,GSE120132,13.50765343069628
GSM3394428_Mouse_Lung_SH015.CGfinal,GSE120132,9.995702019892985
GSM3394429_Mouse_Lung_SH016.CGfinal,GSE120132,10.690239726043695
GSM3394430_Mouse_Lung_SH017.CGfinal,GSE120132,8.447066491447035
GSM3394431_Mouse_Lung_SH018.CGfinal,GSE120132,8.22152085310617
GSM3394432_Mouse_Lung_SH019.CGfinal,GSE120132,10.395861623372696
GSM3394433_Mouse_Lung_SH020.CGfinal,GSE120132,9.495581737646399
GSM3394434_Mouse_Lung_SH021.CGfinal,GSE120132,9.89169869868194
GSM3394435_Mouse_Lung_SH022.CGfinal,GSE120132,7.754394410229665
GSM3394436_Mouse_Lung_SH023.CGfinal,GSE120132,8.172416242175638
GSM3394437_Mouse_Lung_SH024.CGfinal,GSE120132,9.116436590298266
GSM3394438_Mouse_Lung_SH025.CGfinal,GSE120132,7.092172969627683
GSM3394439_Mouse_Lung_SH026.CGfinal,GSE120132,6.549219666585431
GSM3394440_Mouse_Lung_SH027.CGfinal,GSE120132,9.02439904491529
GSM3394441_Mouse_Lung_SH028.CGfinal,GSE120132,7.421662297679571
GSM3394442_Mouse_Lung_SH029.CGfinal,GSE120132,7.3444424583362355
GSM3394443_Mouse_Lung_SH030.CGfinal,GSE120132,10.126706581976316
GSM3394444_Mouse_Lung_SH031.CGfinal,GSE120132,8.299875874314566
GSM3394445_Mouse_Lung_SH032.CGfinal,GSE120132,9.959859175924917
GSM3394446_Mouse_Lung_SH033.CGfinal,GSE120132,10.011369283453378
GSM3394447_Mouse_Lung_SH034.CGfinal,GSE120132,9.246493371868604
GSM3394448_Mouse_Lung_SH035.CGfinal,GSE120132,10.058110271674842
GSM3394449_Mouse_Lung_SH036.CGfinal,GSE120132,8.791945653281822
GSM3394450_Mouse_Lung_SH037.CGfinal,GSE120132,9.184310883124457
GSM3394451_Mouse_Lung_SH038.CGfinal,GSE120132,8.642345856386275
GSM3394452_Mouse_Lung_SH039.CGfinal,GSE120132,10.670583596432207
GSM3394453_Mouse_Lung_SH040.CGfinal,GSE120132,8.393744084102766
GSM3394454_Mouse_Lung_SH042.CGfinal,GSE120132,5.084569171580089
GSM3394455_Mouse_Lung_SH045.CGfinal,GSE120132,5.797851889722889
GSM3394456_Mouse_Lung_SH046.CGfinal,GSE120132,9.406966461598293
GSM3394457_Mouse_Lung_SH047.CGfinal,GSE120132,7.740410213894128
GSM3394458_Mouse_Lung_SH048.CGfinal,GSE120132,6.964494680411086
GSM3394459_Mouse_Lung_SH049.CGfinal,GSE120132,7.47188431444091
GSM3394460_Mouse_Lung_SH050.CGfinal,GSE120132,7.719055051441684
GSM3394461_Mouse_Lung_SH051.CGfinal,GSE120132,10.357243059572097
GSM3394462_Mouse_Lung_SH052.CGfinal,GSE120132,6.735936513853757
GSM3394463_Mouse_Lung_SH053.CGfinal,GSE120132,10.804544195668617
GSM3394464_Mouse_Lung_SH054.CGfinal,GSE120132,6.826698239489923
GSM3394465_Mouse_Lung_SH055.CGfinal,GSE120132,8.919756657494402
GSM3394466_Mouse_Lung_SH056.CGfinal,GSE120132,7.700432738654994
GSM3394467_Mouse_Lung_SH057.CGfinal,GSE120132,7.813468397093141
GSM3394468_Mouse_Lung_SH058.CGfinal,GSE120132,7.567482626957073
GSM3394469_Mouse_Lung_SH059.CGfinal,GSE120132,8.065009075753323
GSM3394470_Mouse_Lung_SH060.CGfinal,GSE120132,6.108584969382896
GSM3394471_Mouse_Muscle_SH001.CGfinal,GSE120132,10.235191872182856
GSM3394472_Mouse_Muscle_SH002.CGfinal,GSE120132,9.1492740161475
GSM3394473_Mouse_Muscle_SH003.CGfinal,GSE120132,9.252544888149218
GSM3394474_Mouse_Muscle_SH004.CGfinal,GSE120132,14.057748553827672
GSM3394475_Mouse_Muscle_SH005.CGfinal,GSE120132,10.08012272403521
GSM3394476_Mouse_Muscle_SH006.CGfinal,GSE120132,11.140742307262782
GSM3394477_Mouse_Muscle_SH007.CGfinal,GSE120132,12.198863374793332
GSM3394478_Mouse_Muscle_SH008.CGfinal,GSE120132,10.162078080599708
GSM3394479_Mouse_Muscle_SH009.CGfinal,GSE120132,11.785837756055878
GSM3394480_Mouse_Muscle_SH010.CGfinal,GSE120132,10.863640643851902
GSM3394481_Mouse_Muscle_SH011.CGfinal,GSE120132,11.209313152831024
GSM3394482_Mouse_Muscle_SH012.CGfinal,GSE120132,10.590756161458005
GSM3394483_Mouse_Muscle_SH013.CGfinal,GSE120132,7.6114250077772425
GSM3394484_Mouse_Muscle_SH014.CGfinal,GSE120132,5.717135154872665
GSM3394485_Mouse_Muscle_SH015.CGfinal,GSE120132,7.894291545437195
GSM3394486_Mouse_Muscle_SH016.CGfinal,GSE120132,6.702544816372171
GSM3394487_Mouse_Muscle_SH017.CGfinal,GSE120132,8.817948990673193
GSM3394488_Mouse_Muscle_SH018.CGfinal,GSE120132,9.2601418227767
GSM3394489_Mouse_Muscle_SH019.CGfinal,GSE120132,14.52511374965577
GSM3394490_Mouse_Muscle_SH020.CGfinal,GSE120132,11.75021683055018
GSM3394491_Mouse_Muscle_SH021.CGfinal,GSE120132,8.159324507193485
GSM3394492_Mouse_Muscle_SH022.CGfinal,GSE120132,9.792116053662655
GSM3394493_Mouse_Muscle_SH023.CGfinal,GSE120132,9.074015105272656
GSM3394494_Mouse_Muscle_SH024.CGfinal,GSE120132,7.87973690902489
GSM3394495_Mouse_Muscle_SH025.CGfinal,GSE120132,8.703530391299187
GSM3394496_Mouse_Muscle_SH026.CGfinal,GSE120132,11.04867486756152
GSM3394497_Mouse_Muscle_SH027.CGfinal,GSE120132,11.758090887982444
GSM3394498_Mouse_Muscle_SH028.CGfinal,GSE120132,12.574237782248792
GSM3394499_Mouse_Muscle_SH029.CGfinal,GSE120132,10.413216419244879
GSM3394500_Mouse_Muscle_SH030.CGfinal,GSE120132,13.301254713462324
GSM3394501_Mouse_Muscle_SH031.CGfinal,GSE120132,11.08483629372674
GSM3394502_Mouse_Muscle_SH032.CGfinal,GSE120132,17.22780439941019
GSM3394503_Mouse_Muscle_SH033.CGfinal,GSE120132,10.477000034253033
GSM3394504_Mouse_Muscle_SH034.CGfinal,GSE120132,11.006966109517982
GSM3394505_Mouse_Muscle_SH035.CGfinal,GSE120132,13.216634308807379
GSM3394506_Mouse_Muscle_SH036.CGfinal,GSE120132,11.87492031292347
GSM3394507_Mouse_Muscle_SH037.CGfinal,GSE120132,10.355345901092232
GSM3394508_Mouse_Muscle_SH038.CGfinal,GSE120132,8.782344932225284
GSM3394509_Mouse_Muscle_SH039.CGfinal,GSE120132,10.31268000568023
GSM3394510_Mouse_Muscle_SH040.CGfinal,GSE120132,9.830020256726737
GSM3394511_Mouse_Muscle_SH041.CGfinal,GSE120132,9.287818608294
GSM3394512_Mouse_Muscle_SH042.CGfinal,GSE120132,10.947359384155957
GSM3394513_Mouse_Muscle_SH043.CGfinal,GSE120132,8.790881292628612
GSM3394514_Mouse_Muscle_SH044.CGfinal,GSE120132,8.47241017069023
GSM3394515_Mouse_Muscle_SH045.CGfinal,GSE120132,9.016895115569161
GSM3394516_Mouse_Muscle_SH046.CGfinal,GSE120132,9.09160395333302
GSM3394517_Mouse_Muscle_SH047.CGfinal,GSE120132,9.693058919897107
GSM3394518_Mouse_Muscle_SH048.CGfinal,GSE120132,8.364749493524014
GSM3394519_Mouse_Muscle_SH049.CGfinal,GSE120132,7.052359559738388
GSM3394520_Mouse_Muscle_SH050.CGfinal,GSE120132,8.468168432956265
GSM3394521_Mouse_Muscle_SH051.CGfinal,GSE120132,7.233832429662774
GSM3394522_Mouse_Muscle_SH052.CGfinal,GSE120132,9.236577463088208
GSM3394523_Mouse_Muscle_SH053.CGfinal,GSE120132,8.175291304682746
GSM3394524_Mouse_Muscle_SH054.CGfinal,GSE120132,8.819241839740807
GSM3394525_Mouse_Muscle_SH055.CGfinal,GSE120132,8.316024477736262
GSM3394526_Mouse_Muscle_SH056.CGfinal,GSE120132,8.984443208014236
GSM3394527_Mouse_Muscle_SH057.CGfinal,GSE120132,9.89168396541927
GSM3394528_Mouse_Muscle_SH058.CGfinal,GSE120132,8.76949097243301
GSM3394529_Mouse_Muscle_SH059.CGfinal,GSE120132,8.634157055137388
GSM3394530_Mouse_Muscle_SH060.CGfinal,GSE120132,8.94290187436281
GSM3394531_Kidney_03314.CGfinal,GSE120132,9.175959993979976
GSM3394532_Kidney_03315.CGfinal,GSE120132,8.512323368574187
GSM3394533_Kidney_03316.CGfinal,GSE120132,8.043480317743382
GSM3394534_Kidney_03317.CGfinal,GSE120132,10.104387146331536
GSM3394535_Kidney_03318.CGfinal,GSE120132,8.825656018864363
GSM3394536_Kidney_03319.CGfinal,GSE120132,9.703942642128274
GSM3394537_Kidney_03320.CGfinal,GSE120132,9.049515714907137
GSM3394538_Kidney_03321.CGfinal,GSE120132,7.636934251803098
GSM3394539_Kidney_03322.CGfinal,GSE120132,7.910251849355921
GSM3394540_Kidney_03323.CGfinal,GSE120132,8.160708442191927
GSM3394541_Kidney_03324.CGfinal,GSE120132,8.392733368454422
GSM3394542_Kidney_03325.CGfinal,GSE120132,7.944631668546309
GSM3394543_Kidney_03326.CGfinal,GSE120132,8.510426503872916
GSM3394544_Kidney_03327.CGfinal,GSE120132,8.323319086011242
GSM3394545_Kidney_03328.CGfinal,GSE120132,10.84884019364189
GSM3394546_Kidney_03329.CGfinal,GSE120132,8.233249591440337
GSM3394547_Kidney_03330.CGfinal,GSE120132,9.999264133242335
GSM3394548_Kidney_03331.CGfinal,GSE120132,8.167921763321635
GSM3394549_Kidney_03332.CGfinal,GSE120132,8.539929856072519
GSM3394550_Kidney_03333.CGfinal,GSE120132,11.176895038578305
GSM3394551_Kidney_03334.CGfinal,GSE120132,8.888854341618451
GSM3394552_Kidney_03335.CGfinal,GSE120132,8.771473795134122
GSM3394553_Kidney_03336.CGfinal,GSE120132,8.729824127528435
GSM3394554_Kidney_03337.CGfinal,GSE120132,9.983309487293763
GSM3394555_Kidney_03338.CGfinal,GSE120132,11.134527568545597
GSM3394556_Kidney_03339.CGfinal,GSE120132,7.968324128901038
GSM3394557_Kidney_03340.CGfinal,GSE120132,9.677971608945201
GSM3394558_Kidney_03341.CGfinal,GSE120132,7.469613011079071
GSM3394559_Kidney_03342.CGfinal,GSE120132,8.718761254675833
GSM3394560_Kidney_03343.CGfinal,GSE120132,11.791172239223371
GSM3394561_Kidney_03344.CGfinal,GSE120132,8.631883986898698
GSM3394562_Kidney_03345.CGfinal,GSE120132,7.261095907548311
GSM3394563_Kidney_03346.CGfinal,GSE120132,9.962241603179402
GSM3394564_Kidney_03347.CGfinal,GSE120132,9.871695051422245
GSM3394565_Kidney_03348.CGfinal,GSE120132,10.189075092465815
GSM3394566_Kidney_03349.CGfinal,GSE120132,8.46821791605933
GSM3394567_Kidney_03350.CGfinal,GSE120132,7.898711396049039
GSM3394568_Kidney_03351.CGfinal,GSE120132,9.050663244524157
GSM3394569_Kidney_03352.CGfinal,GSE120132,9.567264127053075
GSM3394570_Kidney_03353.CGfinal,GSE120132,9.619100228579448
GSM3394571_Kidney_03354.CGfinal,GSE120132,11.090560313172475
GSM3394572_Kidney_03355.CGfinal,GSE120132,8.379817544203858
GSM3394573_Kidney_03356.CGfinal,GSE120132,8.466352230366603
GSM3394574_Kidney_03357.CGfinal,GSE120132,9.925900581717007
GSM3394575_Kidney_03358.CGfinal,GSE120132,12.039323420221363
GSM3394576_Kidney_03359.CGfinal,GSE120132,8.849609889714449
GSM3394577_Kidney_03360.CGfinal,GSE120132,8.941679918036245
GSM3394578_Kidney_03361.CGfinal,GSE120132,8.553867447716556
GSM3394579_Kidney_04906.CGfinal,GSE120132,9.699997357385085
GSM3394580_Kidney_04907.CGfinal,GSE120132,9.72364945862545
GSM3394581_Kidney_04908.CGfinal,GSE120132,7.059365570845227
GSM3394582_Kidney_04909.CGfinal,GSE120132,7.729374168540756
GSM3394583_Kidney_04910.CGfinal,GSE120132,8.363216744881488
GSM3394584_Kidney_04911.CGfinal,GSE120132,8.091575106318547
GSM3394585_Kidney_04912.CGfinal,GSE120132,7.192368860944807
GSM3394586_Kidney_04913.CGfinal,GSE120132,7.795788903013401
GSM3394587_Kidney_04914.CGfinal,GSE120132,6.941491204480551
GSM3394588_Kidney_04915.CGfinal,GSE120132,9.388838933543106
GSM3394589_Kidney_04916.CGfinal,GSE120132,6.728841218218797
GSM3394590_Kidney_04917.CGfinal,GSE120132,8.363465847625479
GSM3394591_Kidney_04918.CGfinal,GSE120132,8.544885032523146
GSM3394592_Kidney_04919.CGfinal,GSE120132,9.989858885627804
GSM3394593_Kidney_04920.CGfinal,GSE120132,10.720459882487527
GSM3394594_Kidney_04921.CGfinal,GSE120132,8.39172137218228
GSM3394595_Kidney_04922.CGfinal,GSE120132,9.650703505544314
GSM3394596_Kidney_04923.CGfinal,GSE120132,9.059335561840301
GSM3394597_Kidney_04924.CGfinal,GSE120132,8.123562085569079
GSM3394598_Kidney_04925.CGfinal,GSE120132,8.421522803319112
GSM3394599_Kidney_04926.CGfinal,GSE120132,8.88416613378548
GSM3394600_Kidney_04927.CGfinal,GSE120132,8.845637522669666
GSM3394601_Kidney_04928.CGfinal,GSE120132,8.627778153950725
GSM3394602_Kidney_04929.CGfinal,GSE120132,9.477084500644763
GSM3394603_Kidney_04930.CGfinal,GSE120132,8.271088655260726
GSM3394604_Kidney_04931.CGfinal,GSE120132,8.899310514159435
GSM3394605_Kidney_04932.CGfinal,GSE120132,9.412975864841831
GSM3394606_Kidney_04933.CGfinal,GSE120132,9.283264023269428
GSM3394607_Kidney_04934.CGfinal,GSE120132,8.232256791725623
GSM3394608_Kidney_04935.CGfinal,GSE120132,10.001099551858701
GSM3394609_Kidney_04936.CGfinal,GSE120132,9.44010333777774
GSM3394610_Kidney_04937.CGfinal,GSE120132,9.63765834193312
GSM3394611_Kidney_04938.CGfinal,GSE120132,9.66232917622024
GSM3394612_Kidney_04939.CGfinal,GSE120132,9.727292522820123
GSM3394613_Kidney_04940.CGfinal,GSE120132,7.570658466263687
GSM3394614_Kidney_04941.CGfinal,GSE120132,6.6410816165404984
GSM3394615_Kidney_04942.CGfinal,GSE120132,8.47548920928353
GSM3394616_Kidney_04943.CGfinal,GSE120132,8.183003337293828
GSM3394617_Kidney_04944.CGfinal,GSE120132,8.325809933937515
GSM3394618_Kidney_04945.CGfinal,GSE120132,9.344152731822394
GSM3394619_Kidney_04946.CGfinal,GSE120132,7.973912127251369
GSM3394620_Kidney_04947.CGfinal,GSE120132,8.381022100979528
GSM3394621_Kidney_04948.CGfinal,GSE120132,8.398390249919244
GSM3394622_Kidney_04949.CGfinal,GSE120132,8.551829783227808
GSM3394623_Kidney_04950.CGfinal,GSE120132,7.918149984969265
GSM3394624_Kidney_04952.CGfinal,GSE120132,9.311727904508166
GSM3394625_Kidney_04953.CGfinal,GSE120132,8.885777559237093
GSM3394626_Kidney_04954.CGfinal,GSE120132,9.148777121531124
GSM3394627_Kidney_04955.CGfinal,GSE120132,10.347476509371104
GSM3394628_Kidney_04956.CGfinal,GSE120132,9.799639763455717
GSM3394629_Kidney_04957.CGfinal,GSE120132,8.976299924933807
GSM3394630_Kidney_04958.CGfinal,GSE120132,8.149230805939537
GSM3394631_Kidney_04959.CGfinal,GSE120132,7.516921526824509
GSM3394632_Kidney_04960.CGfinal,GSE120132,9.721937927231624
GSM3394633_Kidney_04961.CGfinal,GSE120132,8.096271834165004
GSM3394634_Kidney_04962.CGfinal,GSE120132,8.837697835735012
GSM3394635_Kidney_04963.CGfinal,GSE120132,8.583740107088575
GSM3394636_Kidney_04964.CGfinal,GSE120132,9.8014662417437
GSM3394637_Kidney_04965.CGfinal,GSE120132,8.511955471007767
GSM3394638_Kidney_04966.CGfinal,GSE120132,8.37362280747828
GSM3394639_Kidney_04967.CGfinal,GSE120132,7.696064942677134
GSM3394640_Kidney_04968.CGfinal,GSE120132,8.389164075743688
GSM3394641_Kidney_04969.CGfinal,GSE120132,7.3302193334110175
GSM3394642_Kidney_04970.CGfinal,GSE120132,7.963141079257364
GSM3394643_Kidney_04971.CGfinal,GSE120132,8.783552422494763
GSM3394644_Kidney_04972.CGfinal,GSE120132,8.307947552359682
GSM3394645_Kidney_04973.CGfinal,GSE120132,6.66647357695847
GSM3394646_Kidney_04974.CGfinal,GSE120132,10.207850699381614
GSM3394647_Kidney_04975.CGfinal,GSE120132,8.029861169651575
GSM3394648_Kidney_04976.CGfinal,GSE120132,6.240863818085414
GSM3394649_Kidney_04977.CGfinal,GSE120132,7.694913243337346
GSM3394650_Kidney_04978.CGfinal,GSE120132,12.957367726936768
GSM3394651_Kidney_04979.CGfinal,GSE120132,7.756846530064182
GSM3394652_Kidney_04980.CGfinal,GSE120132,8.641446381494848
GSM3394653_Kidney_04981.CGfinal,GSE120132,10.130599209814392
GSM3394654_Kidney_04982.CGfinal,GSE120132,8.285679000984924
GSM3394655_Kidney_04983.CGfinal,GSE120132,8.669361466250749
GSM3394656_Kidney_04984.CGfinal,GSE120132,7.402784445906617
GSM3394657_Kidney_04985.CGfinal,GSE120132,6.570210241329063
GSM3394658_Kidney_04986.CGfinal,GSE120132,8.84019062577065
GSM3394659_Kidney_04987.CGfinal,GSE120132,7.353097409713055
GSM3394660_Kidney_04988.CGfinal,GSE120132,9.066565277247767
GSM3394661_Kidney_04989.CGfinal,GSE120132,7.565504315749104
GSM3394662_Kidney_04990.CGfinal,GSE120132,9.129223986739445
GSM3394663_Kidney_04991.CGfinal,GSE120132,8.039770700197828
GSM3394664_Kidney_04992.CGfinal,GSE120132,7.478768232699551
GSM3394665_Kidney_04993.CGfinal,GSE120132,9.590423185024479
GSM3394666_Kidney_04994.CGfinal,GSE120132,7.264443371746214
GSM3394667_Kidney_04995.CGfinal,GSE120132,7.98678285052525
GSM3394668_Kidney_04996.CGfinal,GSE120132,9.242065707892104
GSM3394669_Kidney_04997.CGfinal,GSE120132,9.381668104978047
GSM3394670_Kidney_04998.CGfinal,GSE120132,8.712814556462261
GSM3394671_Kidney_04999.CGfinal,GSE120132,10.535409439369937
GSM3394672_Kidney_05000.CGfinal,GSE120132,9.415909825577451
GSM3394673_Kidney_05001.CGfinal,GSE120132,9.404097336219989
GSM3394674_Kidney_05002.CGfinal,GSE120132,9.799681335587549
GSM3394675_Kidney_05003.CGfinal,GSE120132,9.039770705066509
GSM3394676_Kidney_05004.CGfinal,GSE120132,9.17632230514094
GSM3394677_Kidney_05005.CGfinal,GSE120132,9.125548149440133
GSM3394678_Kidney_05006.CGfinal,GSE120132,10.348889870430837
GSM3394679_Kidney_05007.CGfinal,GSE120132,7.63573247169891
GSM3394680_Kidney_05008.CGfinal,GSE120132,8.612563807306012
GSM3394681_Kidney_05009.CGfinal,GSE120132,8.119884066731872
GSM3394682_Kidney_05010.CGfinal,GSE120132,9.73476731353173
GSM3394683_Kidney_05011.CGfinal,GSE120132,7.109037824184107
GSM3394684_Kidney_05012.CGfinal,GSE120132,8.955334200479792
GSM3394685_Kidney_05013.CGfinal,GSE120132,7.723940763421082
GSM3394686_Kidney_05014.CGfinal,GSE120132,7.844558492768783
GSM3394687_Kidney_05015.CGfinal,GSE120132,9.140437295692083
GSM3394688_Kidney_05016.CGfinal,GSE120132,9.373302953972171
GSM3394689_Kidney_05017.CGfinal,GSE120132,7.316561674873146
GSM3394690_Kidney_05018.CGfinal,GSE120132,8.86879734243159
GSM3394691_Kidney_05019.CGfinal,GSE120132,8.9379047494282
GSM3394692_Kidney_05020.CGfinal,GSE120132,8.14462482321239
GSM3394693_Kidney_05021.CGfinal,GSE120132,8.511544112947034
GSM3394694_Kidney_05022.CGfinal,GSE120132,8.496203866612278
GSM3394695_Kidney_05023.CGfinal,GSE120132,12.277851642116865
GSM3394696_Kidney_05024.CGfinal,GSE120132,7.93158068676974
GSM3394697_Kidney_05025.CGfinal,GSE120132,8.648302350695214
GSM3394698_Kidney_05026.CGfinal,GSE120132,10.000399848013982
GSM3394699_Kidney_05027.CGfinal,GSE120132,9.26847680072332
GSM3394700_Kidney_05028.CGfinal,GSE120132,9.799380678767488
GSM3394701_Kidney_05029.CGfinal,GSE120132,9.977751595120894
GSM3394702_Kidney_05030.CGfinal,GSE120132,9.671501711919937
GSM3394703_Kidney_05031.CGfinal,GSE120132,9.460752839440213
GSM3394704_Kidney_05032.CGfinal,GSE120132,8.285723555875125
GSM3394705_Kidney_05033.CGfinal,GSE120132,11.600717623625927
GSM3394706_Kidney_05034.CGfinal,GSE120132,9.571512066911398
GSM3394707_Kidney_05035.CGfinal,GSE120132,9.612202747205828
GSM3394708_Kidney_05036.CGfinal,GSE120132,9.795542798556893
GSM3394709_Kidney_05037.CGfinal,GSE120132,10.402444615779402
GSM3394710_Kidney_05038.CGfinal,GSE120132,8.788931352027523
GSM3394711_Kidney_05039.CGfinal,GSE120132,9.386111481498023
GSM3394712_Kidney_05040.CGfinal,GSE120132,9.7115477188416
GSM3394713_Kidney_05041.CGfinal,GSE120132,9.374823304829572
GSM3394714_Kidney_05042.CGfinal,GSE120132,8.83160930046769
GSM3394715_Kidney_05043.CGfinal,GSE120132,9.019781166273711
GSM3394716_Kidney_05044.CGfinal,GSE120132,9.428123498209867
GSM3394717_Kidney_05045.CGfinal,GSE120132,10.004662450286526
GSM3394718_Kidney_05046.CGfinal,GSE120132,9.252859107975183
GSM3394719_Kidney_05047.CGfinal,GSE120132,8.73928724250447
GSM3394720_Kidney_05048.CGfinal,GSE120132,7.219911233193429
